Group,Geography,Origin,PickerListGroup,PickerItem,CSVDataFile,ValueColumn,RankColumn,ShinyDataObject,MetaDataNotes,UniqueName,LongTitle,ShortTitle,Comments,MetadataEntry,DataGeogCode,Year,Live,RankForLowValue,SourceDirectory
1,LSOA 2011,Composite Index from IMD2019,Composite Indices,IMD2019 Overall,001_IMD2019_AllData_LSOA2011.csv,2,18,IMD2019.data.LSOA11,"The <b>2019 Index of Multiple Deprivation (IMD)</b> is an overall relative measure of deprivation constructed by weighting and combining seven domains of deprivation. [<a href=""https://www.gov.uk/government/publications/english-indices-of-deprivation-2019-research-report"" target=""_blank"">Report</a>] [<a href=""https://www.gov.uk/government/statistics/english-indices-of-deprivation-2019"" target=""_blank"">Source</a>]   [<a href = ""https://www.gov.uk/guidance/english-indices-of-deprivation-2019-mapping-resources"" target =""_blank"">ONS Interactive Map</a>] The higher the IMD value the greater the level of deprivation. Published using 2011 LSOAs, of which there were 32,844 in England.",IMD 2019 Score,IMD 2019: Overall Index Score,IMD 2019 Score,"For more information:  https://tinyurl.com/39yv8uv3, https://tinyurl.com/mr3437wp and https://tinyurl.com/2p8wvsuj",<blank>,LSOA11CD,2011,1,High,Test
1,LSOA 2011,Composite Index from IMD2020,Composite Indices,IMD2019: Income Domain,001_IMD2019_AllData_LSOA2011.csv,3,19,IMD2019.data.LSOA11,"One of the seven domains used to calculate the Index of Multiple Deprivation (IMD). The <b>Income Deprivation Domain</b> measures the proportion of the population in an area experiencing deprivation relating to low income, thus the higher the value the greater the level of deprivation.  [<a href=""https://www.gov.uk/government/publications/english-indices-of-deprivation-2019-research-report"" target=""_blank"">Report</a>] [<a href=""https://www.gov.uk/government/statistics/english-indices-of-deprivation-2019"" target=""_blank"">Source</a>]   [<a href = ""https://www.gov.uk/guidance/english-indices-of-deprivation-2019-mapping-resources"" target =""_blank"">ONS Interactive Map</a>]  Published using 2011 LSOAs, of which there were 32,844 in England.",IMD 2019: Income Domain Score,IMD 2019: Income Domain Score,IMD 2019: Income Score,"For more information:  https://tinyurl.com/39yv8uv3, https://tinyurl.com/mr3437wp and https://tinyurl.com/2p8wvsuj",<blank>,LSOA11CD,2011,1,High,Test
1,LSOA 2011,Composite Index from IMD2019,Composite Indices,IMD2019: Employment Domain,001_IMD2019_AllData_LSOA2011.csv,4,20,IMD2019.data.LSOA11,"One of the seven domains used to calculate the Index of Multiple Deprivation (IMD). The <b>Employment Deprivation Domain</b> measures the proportion of the working age population in an area involuntarily excluded from the labour market, thus the higher the value the greater the level of deprivation. [<a href=""https://www.gov.uk/government/publications/english-indices-of-deprivation-2019-research-report"" target=""_blank"">Report</a>] [<a href=""https://www.gov.uk/government/statistics/english-indices-of-deprivation-2019"" target=""_blank"">Source</a>]   [<a href = ""https://www.gov.uk/guidance/english-indices-of-deprivation-2019-mapping-resources"" target =""_blank"">ONS Interactive Map</a>]  Published using 2011 LSOAs, of which there were 32,844 in England.",IMD 2019: Employment Domain Score,IMD 2019: Employment Domain Score,IMD 2019: Employment Score,"For more information:  https://tinyurl.com/39yv8uv3, https://tinyurl.com/mr3437wp and https://tinyurl.com/2p8wvsuj",<blank>,LSOA11CD,2011,1,High,Test
1,LSOA 2011,Composite Index from IMD2019,Composite Indices,IMD2019: Education Domain,001_IMD2019_AllData_LSOA2011.csv,5,21,IMD2019.data.LSOA11,"One of the seven domains used to calculate the Index of Multiple Deprivation (IMD). The <b>Education, Skills and Training Deprivation Domain</b> measures the lack of attainment and skills in the local population. The higher the value the greater the level of deprivation. [<a href=""https://www.gov.uk/government/publications/english-indices-of-deprivation-2019-research-report"" target=""_blank"">Report</a>] [<a href=""https://www.gov.uk/government/statistics/english-indices-of-deprivation-2019"" target=""_blank"">Source</a>]   [<a href = ""https://www.gov.uk/guidance/english-indices-of-deprivation-2019-mapping-resources"" target =""_blank"">ONS Interactive Map</a>]  Published using 2011 LSOAs, of which there were 32,844 in England.",IMD 2019: Education Domain Score,IMD 2019: Education Domain Score,IMD 2019: Education Score,"For more information:  https://tinyurl.com/39yv8uv3, https://tinyurl.com/mr3437wp and https://tinyurl.com/2p8wvsuj",<blank>,LSOA11CD,2011,1,High,Test
1,LSOA 2011,Composite Index from IMD2019,Composite Indices,IMD2019: Health Domain,001_IMD2019_AllData_LSOA2011.csv,6,22,IMD2019.data.LSOA11,"One of the seven domains used to calculate the Index of Multiple Deprivation (IMD). The <b>Health Deprivation and Disability Domain</b> measures the risk of premature death and the impairment of quality of life through poor physical or mental health. The higher the value the greater the level of deprivation. [<a href=""https://www.gov.uk/government/publications/english-indices-of-deprivation-2019-research-report"" target=""_blank"">Report</a>] [<a href=""https://www.gov.uk/government/statistics/english-indices-of-deprivation-2019"" target=""_blank"">Source</a>]   [<a href = ""https://www.gov.uk/guidance/english-indices-of-deprivation-2019-mapping-resources"" target =""_blank"">ONS Interactive Map</a>]  Published using 2011 LSOAs, of which there were 32,844 in England.",IMD 2019: Health Domain Score,IMD 2019: Health Domain Score,IMD 2019: Health Score,"For more information:  https://tinyurl.com/39yv8uv3, https://tinyurl.com/mr3437wp and https://tinyurl.com/2p8wvsuj",<blank>,LSOA11CD,2011,1,High,Test
1,LSOA 2011,Composite Index from IMD2019,Composite Indices,IMD2019: Crime Domain,001_IMD2019_AllData_LSOA2011.csv,7,23,IMD2019.data.LSOA11,"One of the seven domains used to calculate the Index of Multiple Deprivation (IMD). The <b>Crime Domain</b> measures the risk of personal and material victimisation at a local level. The higher the value the greater the level of deprivation. [<a href=""https://www.gov.uk/government/publications/english-indices-of-deprivation-2019-research-report"" target=""_blank"">Report</a>] [<a href=""https://www.gov.uk/government/statistics/english-indices-of-deprivation-2019"" target=""_blank"">Source</a>]   [<a href = ""https://www.gov.uk/guidance/english-indices-of-deprivation-2019-mapping-resources"" target =""_blank"">ONS Interactive Map</a>]  Published using 2011 LSOAs, of which there were 32,844 in England.",IMD 2019: Crime Domain Score,IMD 2019: Crime Domain Score,IMD 2019: Crime Score,"For more information:  https://tinyurl.com/39yv8uv3, https://tinyurl.com/mr3437wp and https://tinyurl.com/2p8wvsuj",<blank>,LSOA11CD,2011,1,High,Test
1,LSOA 2011,Composite Index from IMD2019,Composite Indices,IMD2019: Barriers to Housing & Services Sub-Domain,001_IMD2019_AllData_LSOA2011.csv,8,24,IMD2019.data.LSOA11,"One of the seven domains used to calculate the Index of Multiple Deprivation (IMD). The <b>Barriers to Housing and Services Domain</b> measures the physical and financial accessibility of housing and local services. The higher the value the greater the level of deprivation. [<a href=""https://www.gov.uk/government/publications/english-indices-of-deprivation-2019-research-report"" target=""_blank"">Report</a>] [<a href=""https://www.gov.uk/government/statistics/english-indices-of-deprivation-2019"" target=""_blank"">Source</a>]   [<a href = ""https://www.gov.uk/guidance/english-indices-of-deprivation-2019-mapping-resources"" target =""_blank"">ONS Interactive Map</a>]  Published using 2011 LSOAs, of which there were 32,844 in England.",IMD 2019: Barriers to Housing and Services,IMD 2019: Barriers to Housing and Services Sub-Domain score,IMD 2019: Barriers to Housing/Services,"For more information:  https://tinyurl.com/39yv8uv3, https://tinyurl.com/mr3437wp and https://tinyurl.com/2p8wvsuj",<blank>,LSOA11CD,2011,1,High,Test
1,LSOA 2011,Composite Index from IMD2019,Composite Indices,IMD2019: Living Environment Sub-Domain,001_IMD2019_AllData_LSOA2011.csv,9,25,IMD2019.data.LSOA11,"One of the seven domains used to calculate the Index of Multiple Deprivation (IMD). The <b>Living Environment Deprivation Domain</b> measures the quality of the local environment. The higher the value the greater the level of deprivation. [<a href=""https://www.gov.uk/government/publications/english-indices-of-deprivation-2019-research-report"" target=""_blank"">Report</a>] [<a href=""https://www.gov.uk/government/statistics/english-indices-of-deprivation-2019"" target=""_blank"">Source</a>]   [<a href = ""https://www.gov.uk/guidance/english-indices-of-deprivation-2019-mapping-resources"" target =""_blank"">ONS Interactive Map</a>]  Published using 2011 LSOAs, of which there were 32,844 in England.",IMD 2019: Living Environment Score,IMD 2019: Living Environment Sub-Domain score,IMD 2019: Living Environment Score,"For more information:  https://tinyurl.com/39yv8uv3, https://tinyurl.com/mr3437wp and https://tinyurl.com/2p8wvsuj",<blank>,LSOA11CD,2011,1,High,Test
1,LSOA 2011,Metric from IMD2019,Composite Indices,IMD2019: Income Deprivation Affecting Children Index (IDACI),001_IMD2019_AllData_LSOA2011.csv,10,26,IMD2019.data.LSOA11,"The <b>Income Deprivation Affecting Children Index (IDACI)</b> is a subset of the Income Deprivation Domain and measures the proportion of children in each LSOA that live in families that are income deprived, thus the higher the value the greater the level of deprivation. [<a href=""https://www.gov.uk/government/publications/english-indices-of-deprivation-2019-research-report"" target=""_blank"">Report</a>] [<a href=""https://www.gov.uk/government/statistics/english-indices-of-deprivation-2019"" target=""_blank"">Source</a>]   [<a href = ""https://www.gov.uk/guidance/english-indices-of-deprivation-2019-mapping-resources"" target =""_blank"">ONS Interactive Map</a>]  Published using 2011 LSOAs, of which there were 32,844 in England.",IMD 2019: IDACI Score,IMD 2019: Income Deprivation Affecting Children Index (IDACI),IMD 2019: IDACI Score,"For more information:  https://tinyurl.com/39yv8uv3, https://tinyurl.com/mr3437wp and https://tinyurl.com/2p8wvsuj",<blank>,LSOA11CD,2011,1,High,Test
1,LSOA 2011,Metric from IMD2019,Composite Indices,IMD2019: Income Deprivation Affecting Older People Index (IDAOPI),001_IMD2019_AllData_LSOA2011.csv,11,27,IMD2019.data.LSOA11,"The <b>Income Deprivation Affecting Older People Index (IDAOPI)</b> is a subset of the Income Deprivation Domain, with the score showing the proportion of each LSOA's population aged 60 and over who are income deprived, thus the higher the value the greater the level of deprivation. [<a href=""https://www.gov.uk/government/publications/english-indices-of-deprivation-2019-research-report"" target=""_blank"">Report</a>] [<a href=""https://www.gov.uk/government/statistics/english-indices-of-deprivation-2019"" target=""_blank"">Source</a>]   [<a href = ""https://www.gov.uk/guidance/english-indices-of-deprivation-2019-mapping-resources"" target =""_blank"">ONS Interactive Map</a>]  Published using 2011 LSOAs, of which there were 32,844 in England.",IMD 2019: IDAOPI Score,IMD 2019: Income Deprivation Affecting Older People Index (IDAOPI),IMD 2019: IDAOPI Score,"For more information:  https://tinyurl.com/39yv8uv3, https://tinyurl.com/mr3437wp and https://tinyurl.com/2p8wvsuj",<blank>,LSOA11CD,2011,1,High,Test
1,LSOA 2011,Composite Index from IMD2019,Composite Indices,IMD2019: Children Sub-Domain,001_IMD2019_AllData_LSOA2011.csv,12,28,IMD2019.data.LSOA11,"One of the two components of the 'Education, Skills and Training Deprivation Domain', the <b>Children and Young People sub-domain</b> measures the attainment of qualifications and associated measures by young people.  The higher the value the greater the level of deprivation. [<a href=""https://www.gov.uk/government/publications/english-indices-of-deprivation-2019-research-report"" target=""_blank"">Report</a>] [<a href=""https://www.gov.uk/government/statistics/english-indices-of-deprivation-2019"" target=""_blank"">Source</a>]   Published using 2011 LSOAs, of which there were 32,844 in England.",IMD 2019: Children Sub-Domain Score,IMD 2019: Children Sub-Domain score,IMD 2019: Children Score,"For more information:  https://tinyurl.com/39yv8uv3, https://tinyurl.com/mr3437wp and https://tinyurl.com/2p8wvsuj",<blank>,LSOA11CD,2011,1,High,Test
1,LSOA 2011,Composite Index from IMD2019,Composite Indices,IMD2019: Adults Sub-Domain,001_IMD2019_AllData_LSOA2011.csv,13,29,IMD2019.data.LSOA11,"One of the two components of the 'Education, Skills and Training Deprivation Domain', the <b>Adult Skills sub-domain</b> measures the measures the lack of qualifications in the resident working age adult population.  The higher the value the greater the level of deprivation. [<a href=""https://www.gov.uk/government/publications/english-indices-of-deprivation-2019-research-report"" target=""_blank"">Report</a>] [<a href=""https://www.gov.uk/government/statistics/english-indices-of-deprivation-2019"" target=""_blank"">Source</a>]  Published using 2011 LSOAs, of which there were 32,844 in England.",IMD 2019: Adults Sub-Domain Score,IMD 2019: Adults Sub-Domain score,IMD 2019: Adults Score,"For more information:  https://tinyurl.com/39yv8uv3, https://tinyurl.com/mr3437wp and https://tinyurl.com/2p8wvsuj",<blank>,LSOA11CD,2011,1,High,Test
1,LSOA 2011,Composite Index from IMD2019,Composite Indices,IMD2019: Geographical Barriers Sub-Domain,001_IMD2019_AllData_LSOA2011.csv,14,30,IMD2019.data.LSOA11,"One of the two components of the 'Barriers to Housing and Services Domain', the <b>Geographical Barriers sub-domain</b> relates to the physical proximity of local services. The higher the value the greater the level of deprivation . [<a href=""https://www.gov.uk/government/publications/english-indices-of-deprivation-2019-research-report"" target=""_blank"">Report</a>] [<a href=""https://www.gov.uk/government/statistics/english-indices-of-deprivation-2019"" target=""_blank"">Source</a>]    Published using 2011 LSOAs, of which there were 32,844 in England.",IMD 2019: Geographical Barriers Score,IMD 2019: Geographical Barriers Sub-Domain score,IMD 2019: Geographical Barriers Score,"For more information:  https://tinyurl.com/39yv8uv3, https://tinyurl.com/mr3437wp and https://tinyurl.com/2p8wvsuj",<blank>,LSOA11CD,2011,1,High,Test
1,LSOA 2011,Composite Index from IMD2019,Composite Indices,IMD2019: Wider Barriers Sub-Domain,001_IMD2019_AllData_LSOA2011.csv,15,31,IMD2019.data.LSOA11,"One of the two components of the 'Barriers to Housing and Services Domain', the <b>Wider Barriers sub-domain</b> relates to issues relating to access housing, such as affordability.  The higher the value the greater the level of deprivation. [<a href=""https://www.gov.uk/government/publications/english-indices-of-deprivation-2019-research-report"" target=""_blank"">Report</a>] [<a href=""https://www.gov.uk/government/statistics/english-indices-of-deprivation-2019"" target=""_blank"">Source</a>]   Published using 2011 LSOAs, of which there were 32,844 in England.",IMD 2019: Wider Barriers Score,IMD 2019: Wider Barriers Sub-Domain score,IMD 2019: Wider Barriers Score,"For more information:  https://tinyurl.com/39yv8uv3, https://tinyurl.com/mr3437wp and https://tinyurl.com/2p8wvsuj",<blank>,LSOA11CD,2011,1,High,Test
1,LSOA 2011,Composite Index from IMD2019,Composite Indices,IMD2019: Indoors Sub-Domain,001_IMD2019_AllData_LSOA2011.csv,16,32,IMD2019.data.LSOA11,"One of the two components of the 'Living Environment Deprivation Domain', the <b>Indoors sub-domain</b> measures the quality of housing.  The higher the value the greater the level of deprivation. [<a href=""https://www.gov.uk/government/publications/english-indices-of-deprivation-2019-research-report"" target=""_blank"">Report</a>] [<a href=""https://www.gov.uk/government/statistics/english-indices-of-deprivation-2019"" target=""_blank"">Source</a>]   Published using 2011 LSOAs, of which there were 32,844 in England.",IMD 2019: Indoors Score,IMD 2019: Indoors Sub-Domain score,IMD 2019: Indoors Score,"For more information:  https://tinyurl.com/39yv8uv3, https://tinyurl.com/mr3437wp and https://tinyurl.com/2p8wvsuj",<blank>,LSOA11CD,2011,1,High,Test
1,LSOA 2011,Composite Index from IMD2019,Composite Indices,IMD2019: Outdoors Sub-Domain,001_IMD2019_AllData_LSOA2011.csv,17,33,IMD2019.data.LSOA11,"One of the two components of the 'Living Environment Deprivation Domain', the <b>Outdoors sub-domain</b> comprises local measures of air quality and road traffic accidents. The higher the value the greater the level of deprivation. [<a href=""https://www.gov.uk/government/publications/english-indices-of-deprivation-2019-research-report"" target=""_blank"">Report</a>] [<a href=""https://www.gov.uk/government/statistics/english-indices-of-deprivation-2019"" target=""_blank"">Source</a>]   Published using 2011 LSOAs, of which there were 32,844 in England.",IMD 2019: Outdoors Score,IMD 2019: Outdoors Sub-Domain score,IMD 2019: Outdoors Score,"For more information:  https://tinyurl.com/39yv8uv3, https://tinyurl.com/mr3437wp and https://tinyurl.com/2p8wvsuj",<blank>,LSOA11CD,2011,1,High,Test
2,LSOA 2021,Pop-weighted attribution of IMD2019 Composite Index,Composite Indices,IMD2019 Overall,002_IMD2019_AllData_Attributed_LSOA2021.csv,2,18,IMD2019.data.LSOA21,"The <b>2019 Index of Multiple Deprivation (IMD)</b> is an overall relative measure of deprivation constructed by weighting and combining seven domains of deprivation. [<a href=""https://www.gov.uk/government/publications/english-indices-of-deprivation-2019-research-report"" target=""_blank"">Report</a>] [<a href=""https://www.gov.uk/government/statistics/english-indices-of-deprivation-2019"" target=""_blank"">Source</a>]   [<a href = ""https://www.gov.uk/guidance/english-indices-of-deprivation-2019-mapping-resources"" target =""_blank"">ONS Interactive Map</a>]  The higher the IMD value the greater the level of deprivation. Published using 2011 LSOAs, of which there were 32,844 in England. As we are here dealing with 2021 LSOAs it has been necessary to assign the 2011 LSOA scores to 2021 LSOAs (n=33,755) using a population-weighted algorithm (<a href=""GITHUB PLACEHOLDER"" target=""_blank"">Github RAP script (R)</a>).",IMD 2019 Score on 2021 LSOAs,IMD 2019: Overall Index Score,IMD 2019 Score,"For more information:  https://tinyurl.com/39yv8uv3, https://tinyurl.com/mr3437wp and https://tinyurl.com/2p8wvsuj",<blank>,LSOA21CD,2021,1,High,Test
2,LSOA 2021,Pop-weighted attribution of IMD2019 Composite Index,Composite Indices,IMD2019: Income Domain,002_IMD2019_AllData_Attributed_LSOA2021.csv,3,19,IMD2019.data.LSOA21,"One of the seven domains used to calculate the Index of Multiple Deprivation (IMD). The <b>Income Deprivation Domain</b> measures the proportion of the population in an area experiencing deprivation relating to low income, thus the higher the value the greater the level of deprivation. [<a href=""https://www.gov.uk/government/publications/english-indices-of-deprivation-2019-research-report"" target=""_blank"">Report</a>] [<a href=""https://www.gov.uk/government/statistics/english-indices-of-deprivation-2019"" target=""_blank"">Source</a>]   [<a href = ""https://www.gov.uk/guidance/english-indices-of-deprivation-2019-mapping-resources"" target =""_blank"">ONS Interactive Map</a>]   Published using 2011 LSOAs, of which there were 32,844 in England. As we are here dealing with 2021 LSOAs it has been necessary to assign the 2011 LSOA scores to 2021 LSOAs (n=33,755) using a population-weighted algorithm (<a href=""GITHUB PLACEHOLDER"" target=""_blank"">Github RAP script (R)</a>).",IMD 2019: Income Domain Score on 2021 LSOAs,IMD 2019: Income Domain Score,IMD 2019: Income Score,"For more information:  https://tinyurl.com/39yv8uv3, https://tinyurl.com/mr3437wp and https://tinyurl.com/2p8wvsuj",<blank>,LSOA21CD,2021,1,High,Test
2,LSOA 2021,Pop-weighted attribution of IMD2019 Composite Index,Composite Indices,IMD2019: Employment Domain,002_IMD2019_AllData_Attributed_LSOA2021.csv,4,20,IMD2019.data.LSOA21,"One of the seven domains used to calculate the Index of Multiple Deprivation (IMD). The <b>Employment Deprivation Domain</b> measures the proportion of the working age population in an area involuntarily excluded from the labour market, thus the higher the value the greater the level of deprivation. [<a href=""https://www.gov.uk/government/publications/english-indices-of-deprivation-2019-research-report"" target=""_blank"">Report</a>] [<a href=""https://www.gov.uk/government/statistics/english-indices-of-deprivation-2019"" target=""_blank"">Source</a>]   [<a href = ""https://www.gov.uk/guidance/english-indices-of-deprivation-2019-mapping-resources"" target =""_blank"">ONS Interactive Map</a>]  Published using 2011 LSOAs, of which there were 32,844 in England. As we are here dealing with 2021 LSOAs it has been necessary to assign the 2011 LSOA scores to 2021 LSOAs (n=33,755) using a population-weighted algorithm (<a href=""GITHUB PLACEHOLDER"" target=""_blank"">Github RAP script (R)</a>).",IMD 2019: Employment Domain Score on 2021 LSOAs,IMD 2019: Employment Domain Score,IMD 2019: Employment Score,"For more information:  https://tinyurl.com/39yv8uv3, https://tinyurl.com/mr3437wp and https://tinyurl.com/2p8wvsuj",<blank>,LSOA21CD,2021,1,High,Test
2,LSOA 2021,Pop-weighted attribution of IMD2019 Composite Index,Composite Indices,IMD2019: Education Domain,002_IMD2019_AllData_Attributed_LSOA2021.csv,5,21,IMD2019.data.LSOA21,"One of the seven domains used to calculate the Index of Multiple Deprivation (IMD). The <b>Education, Skills and Training Deprivation Domain</b> measures the lack of attainment and skills in the local population. The higher the value the greater the level of deprivation. [<a href=""https://www.gov.uk/government/publications/english-indices-of-deprivation-2019-research-report"" target=""_blank"">Report</a>] [<a href=""https://www.gov.uk/government/statistics/english-indices-of-deprivation-2019"" target=""_blank"">Source</a>]   [<a href = ""https://www.gov.uk/guidance/english-indices-of-deprivation-2019-mapping-resources"" target =""_blank"">ONS Interactive Map</a>]  Published using 2011 LSOAs, of which there were 32,844 in England. As we are here dealing with 2021 LSOAs it has been necessary to assign the 2011 LSOA scores to 2021 LSOAs (n=33,755) using a population-weighted algorithm (<a href=""GITHUB PLACEHOLDER"" target=""_blank"">Github RAP script (R)</a>).",IMD 2019: Education Domain Score on 2021 LSOAs,IMD 2019: Education Domain Score,IMD 2019: Education Score,"For more information:  https://tinyurl.com/39yv8uv3, https://tinyurl.com/mr3437wp and https://tinyurl.com/2p8wvsuj",<blank>,LSOA21CD,2021,1,High,Test
2,LSOA 2021,Pop-weighted attribution of IMD2019 Composite Index,Composite Indices,IMD2019: Health Domain,002_IMD2019_AllData_Attributed_LSOA2021.csv,6,22,IMD2019.data.LSOA21,"One of the seven domains used to calculate the Index of Multiple Deprivation (IMD). The <b>Health Deprivation and Disability Domain</b> measures the risk of premature death and the impairment of quality of life through poor physical or mental health. The higher the value the greater the level of deprivation. [<a href=""https://www.gov.uk/government/publications/english-indices-of-deprivation-2019-research-report"" target=""_blank"">Report</a>] [<a href=""https://www.gov.uk/government/statistics/english-indices-of-deprivation-2019"" target=""_blank"">Source</a>]   [<a href = ""https://www.gov.uk/guidance/english-indices-of-deprivation-2019-mapping-resources"" target =""_blank"">ONS Interactive Map</a>]  Published using 2011 LSOAs, of which there were 32,844 in England. As we are here dealing with 2021 LSOAs it has been necessary to assign the 2011 LSOA scores to 2021 LSOAs (n=33,755) using a population-weighted algorithm (<a href=""GITHUB PLACEHOLDER"" target=""_blank"">Github RAP script (R)</a>).",IMD 2019: Health Domain Score on 2021 LSOAs,IMD 2019: Health Domain Score,IMD 2019: Health Score,"For more information:  https://tinyurl.com/39yv8uv3, https://tinyurl.com/mr3437wp and https://tinyurl.com/2p8wvsuj",<blank>,LSOA21CD,2021,1,High,Test
2,LSOA 2021,Pop-weighted attribution of IMD2019 Composite Index,Composite Indices,IMD2019: Crime Domain,002_IMD2019_AllData_Attributed_LSOA2021.csv,7,23,IMD2019.data.LSOA21,"One of the seven domains used to calculate the Index of Multiple Deprivation (IMD). The <b>Crime Domain</b> measures the risk of personal and material victimisation at a local level. The higher the value the greater the level of deprivation. [<a href=""https://www.gov.uk/government/publications/english-indices-of-deprivation-2019-research-report"" target=""_blank"">Report</a>] [<a href=""https://www.gov.uk/government/statistics/english-indices-of-deprivation-2019"" target=""_blank"">Source</a>]   [<a href = ""https://www.gov.uk/guidance/english-indices-of-deprivation-2019-mapping-resources"" target =""_blank"">ONS Interactive Map</a>]  Published using 2011 LSOAs, of which there were 32,844 in England. As we are here dealing with 2021 LSOAs it has been necessary to assign the 2011 LSOA scores to 2021 LSOAs (n=33,755) using a population-weighted algorithm (<a href=""GITHUB PLACEHOLDER"" target=""_blank"">Github RAP script (R)</a>).",IMD 2019: Crime Domain Score on 2021 LSOAs,IMD 2019: Crime Domain Score,IMD 2019: Crime Score,"For more information:  https://tinyurl.com/39yv8uv3, https://tinyurl.com/mr3437wp and https://tinyurl.com/2p8wvsuj",<blank>,LSOA21CD,2021,1,High,Test
2,LSOA 2021,Pop-weighted attribution of IMD2019 Composite Index,Composite Indices,IMD2019: Barriers to Housing & Services Sub-Domain,002_IMD2019_AllData_Attributed_LSOA2021.csv,8,24,IMD2019.data.LSOA21,"One of the seven domains used to calculate the Index of Multiple Deprivation (IMD). The <b>Barriers to Housing and Services Domain</b> measures the physical and financial accessibility of housing and local services. The higher the value the greater the level of deprivation. [<a href=""https://www.gov.uk/government/publications/english-indices-of-deprivation-2019-research-report"" target=""_blank"">Report</a>] [<a href=""https://www.gov.uk/government/statistics/english-indices-of-deprivation-2019"" target=""_blank"">Source</a>]   [<a href = ""https://www.gov.uk/guidance/english-indices-of-deprivation-2019-mapping-resources"" target =""_blank"">ONS Interactive Map</a>]  Published using 2011 LSOAs, of which there were 32,844 in England. As we are here dealing with 2021 LSOAs it has been necessary to assign the 2011 LSOA scores to 2021 LSOAs (n=33,755) using a population-weighted algorithm (<a href=""GITHUB PLACEHOLDER"" target=""_blank"">Github RAP script (R)</a>).",IMD 2019: Barriers to Housing and Services on 2021 LSOAs,IMD 2019: Barriers to Housing and Services Sub-Domain score,IMD 2019: Barriers to Housing/Services,"For more information:  https://tinyurl.com/39yv8uv3, https://tinyurl.com/mr3437wp and https://tinyurl.com/2p8wvsuj",<blank>,LSOA21CD,2021,1,High,Test
2,LSOA 2021,Pop-weighted attribution of IMD2019 Composite Index,Composite Indices,IMD2019: Living Environment Sub-Domain,002_IMD2019_AllData_Attributed_LSOA2021.csv,9,25,IMD2019.data.LSOA21,"One of the seven domains used to calculate the Index of Multiple Deprivation (IMD). The <b>Living Environment Deprivation Domain</b> measures the quality of the local environment. The higher the value the greater the level of deprivation. [<a href=""https://www.gov.uk/government/publications/english-indices-of-deprivation-2019-research-report"" target=""_blank"">Report</a>] [<a href=""https://www.gov.uk/government/statistics/english-indices-of-deprivation-2019"" target=""_blank"">Source</a>]   [<a href = ""https://www.gov.uk/guidance/english-indices-of-deprivation-2019-mapping-resources"" target =""_blank"">ONS Interactive Map</a>]  Published using 2011 LSOAs, of which there were 32,844 in England. As we are here dealing with 2021 LSOAs it has been necessary to assign the 2011 LSOA scores to 2021 LSOAs (n=33,755) using a population-weighted algorithm (<a href=""GITHUB PLACEHOLDER"" target=""_blank"">Github RAP script (R)</a>).",IMD 2019: Living Environment Score on 2021 LSOAs,IMD 2019: Living Environment Sub-Domain score,IMD 2019: Living Environment Score,"For more information:  https://tinyurl.com/39yv8uv3, https://tinyurl.com/mr3437wp and https://tinyurl.com/2p8wvsuj",<blank>,LSOA21CD,2021,1,High,Test
2,LSOA 2021,IMD2019 Metric attributed to 2021 LSOAs,Composite Indices,IMD2019: Income Deprivation Affecting Children Index (IDACI),002_IMD2019_AllData_Attributed_LSOA2021.csv,10,26,IMD2019.data.LSOA21,"The <b>Income Deprivation Affecting Children Index (IDACI)</b> is a subset of the Income Deprivation Domain and measures the proportion of children in each LSOA that live in families that are income deprived, thus the higher the value the greater the level of deprivation. [<a href=""https://www.gov.uk/government/publications/english-indices-of-deprivation-2019-research-report"" target=""_blank"">Report</a>] [<a href=""https://www.gov.uk/government/statistics/english-indices-of-deprivation-2019"" target=""_blank"">Source</a>]   [<a href = ""https://www.gov.uk/guidance/english-indices-of-deprivation-2019-mapping-resources"" target =""_blank"">ONS Interactive Map</a>]  Published using 2011 LSOAs, of which there were 32,844 in England. As we are here dealing with 2021 LSOAs it has been necessary to assign the 2011 LSOA scores to 2021 LSOAs (n=33,755) using a population-weighted algorithm (<a href=""GITHUB PLACEHOLDER"" target=""_blank"">Github RAP script (R)</a>).",IMD 2019: IDACI Score on 2021 LSOAs,IMD 2019: Income Deprivation Affecting Children Index (IDACI),IMD 2019: IDACI Score,"For more information:  https://tinyurl.com/39yv8uv3, https://tinyurl.com/mr3437wp and https://tinyurl.com/2p8wvsuj",<blank>,LSOA21CD,2021,1,High,Test
2,LSOA 2021,IMD2019 Metric attributed to 2021 LSOAs,Composite Indices,IMD2019: Income Deprivation Affecting Older People Index (IDAOPI),002_IMD2019_AllData_Attributed_LSOA2021.csv,11,27,IMD2019.data.LSOA21,"The <b>Income Deprivation Affecting Older People Index (IDAOPI)</b> is a subset of the Income Deprivation Domain, with the score showing the proportion of each LSOA's population aged 60 and over who are income deprived, thus the higher the value the greater the level of deprivation. [<a href=""https://www.gov.uk/government/publications/english-indices-of-deprivation-2019-research-report"" target=""_blank"">Report</a>] [<a href=""https://www.gov.uk/government/statistics/english-indices-of-deprivation-2019"" target=""_blank"">Source</a>]   [<a href = ""https://www.gov.uk/guidance/english-indices-of-deprivation-2019-mapping-resources"" target =""_blank"">ONS Interactive Map</a>]  Published using 2011 LSOAs, of which there were 32,844 in England. As we are here dealing with 2021 LSOAs it has been necessary to assign the 2011 LSOA scores to 2021 LSOAs (n=33,755) using a population-weighted algorithm (<a href=""GITHUB PLACEHOLDER"" target=""_blank"">Github RAP script (R)</a>).",IMD 2019: IDAOPI Score on 2021 LSOAs,IMD 2019: Income Deprivation Affecting Older People Index (IDAOPI),IMD 2019: IDAOPI Score,"For more information:  https://tinyurl.com/39yv8uv3, https://tinyurl.com/mr3437wp and https://tinyurl.com/2p8wvsuj",<blank>,LSOA21CD,2021,1,High,Test
2,LSOA 2021,Pop-weighted attribution of IMD2019 Composite Index,Composite Indices,IMD2019: Children Sub-Domain,002_IMD2019_AllData_Attributed_LSOA2021.csv,12,28,IMD2019.data.LSOA21,"One of the two components of the 'Education, Skills and Training Deprivation Domain', the <b>Children and Young People sub-domain</b> measures the attainment of qualifications and associated measures by young people.  The higher the value the greater the level of deprivation. [<a href=""https://www.gov.uk/government/publications/english-indices-of-deprivation-2019-research-report"" target=""_blank"">Report</a>] [<a href=""https://www.gov.uk/government/statistics/english-indices-of-deprivation-2019"" target=""_blank"">Source</a>]  Published using 2011 LSOAs, of which there were 32,844 in England. As we are here dealing with 2021 LSOAs it has been necessary to assign the 2011 LSOA scores to 2021 LSOAs (n=33,755) using a population-weighted algorithm (<a href=""GITHUB PLACEHOLDER"" target=""_blank"">Github RAP script (R)</a>).",IMD 2019: Children Sub-Domain Score on 2021 LSOAs,IMD 2019: Children Sub-Domain score,IMD 2019: Children Score,"For more information:  https://tinyurl.com/39yv8uv3, https://tinyurl.com/mr3437wp and https://tinyurl.com/2p8wvsuj",<blank>,LSOA21CD,2021,1,High,Test
2,LSOA 2021,Pop-weighted attribution of IMD2019 Composite Index,Composite Indices,IMD2019: Adults Sub-Domain,002_IMD2019_AllData_Attributed_LSOA2021.csv,13,29,IMD2019.data.LSOA21,"One of the two components of the 'Education, Skills and Training Deprivation Domain', the <b>Adult Skills sub-domain</b> measures the measures the lack of qualifications in the resident working age adult population.  The higher the value the greater the level of deprivation. [<a href=""https://www.gov.uk/government/publications/english-indices-of-deprivation-2019-research-report"" target=""_blank"">Report</a>] [<a href=""https://www.gov.uk/government/statistics/english-indices-of-deprivation-2019"" target=""_blank"">Source</a>]  Published using 2011 LSOAs, of which there were 32,844 in England. As we are here dealing with 2021 LSOAs it has been necessary to assign the 2011 LSOA scores to 2021 LSOAs (n=33,755) using a population-weighted algorithm (<a href=""GITHUB PLACEHOLDER"" target=""_blank"">Github RAP script (R)</a>).",IMD 2019: Adults Sub-Domain Score on 2021 LSOAs,IMD 2019: Adults Sub-Domain score,IMD 2019: Adults Score,"For more information:  https://tinyurl.com/39yv8uv3, https://tinyurl.com/mr3437wp and https://tinyurl.com/2p8wvsuj",<blank>,LSOA21CD,2021,1,High,Test
2,LSOA 2021,Pop-weighted attribution of IMD2019 Composite Index,Composite Indices,IMD2019: Geographical Barriers Sub-Domain,002_IMD2019_AllData_Attributed_LSOA2021.csv,14,30,IMD2019.data.LSOA21,"One of the two components of the 'Barriers to Housing and Services Domain', the <b>Geographical Barriers sub-domain</b> relates to the physical proximity of local services. The higher the value the greater the level of deprivation. [<a href=""https://www.gov.uk/government/publications/english-indices-of-deprivation-2019-research-report"" target=""_blank"">Report</a>] [<a href=""https://www.gov.uk/government/statistics/english-indices-of-deprivation-2019"" target=""_blank"">Source</a>]   Published using 2011 LSOAs, of which there were 32,844 in England. As we are here dealing with 2021 LSOAs it has been necessary to assign the 2011 LSOA scores to 2021 LSOAs (n=33,755) using a population-weighted algorithm (<a href=""GITHUB PLACEHOLDER"" target=""_blank"">Github RAP script (R)</a>).",IMD 2019: Geographical Barriers Score on 2021 LSOAs,IMD 2019: Geographical Barriers Sub-Domain score,IMD 2019: Geographical Barriers Score,"For more information:  https://tinyurl.com/39yv8uv3, https://tinyurl.com/mr3437wp and https://tinyurl.com/2p8wvsuj",<blank>,LSOA21CD,2021,1,High,Test
2,LSOA 2021,Pop-weighted attribution of IMD2019 Composite Index,Composite Indices,IMD2019: Wider Barriers Sub-Domain,002_IMD2019_AllData_Attributed_LSOA2021.csv,15,31,IMD2019.data.LSOA21,"One of the two components of the 'Barriers to Housing and Services Domain', the <b>Wider Barriers sub-domain</b> relates to issues relating to access housing, such as affordability.  The higher the value the greater the level of deprivation. [<a href=""https://www.gov.uk/government/publications/english-indices-of-deprivation-2019-research-report"" target=""_blank"">Report</a>] [<a href=""https://www.gov.uk/government/statistics/english-indices-of-deprivation-2019"" target=""_blank"">Source</a>]   Published using 2011 LSOAs, of which there were 32,844 in England. As we are here dealing with 2021 LSOAs it has been necessary to assign the 2011 LSOA scores to 2021 LSOAs (n=33,755) using a population-weighted algorithm (<a href=""GITHUB PLACEHOLDER"" target=""_blank"">Github RAP script (R)</a>).",IMD 2019: Wider Barriers Score on 2021 LSOAs,IMD 2019: Wider Barriers Sub-Domain score,IMD 2019: Wider Barriers Score,"For more information:  https://tinyurl.com/39yv8uv3, https://tinyurl.com/mr3437wp and https://tinyurl.com/2p8wvsuj",<blank>,LSOA21CD,2021,1,High,Test
2,LSOA 2021,Pop-weighted attribution of IMD2019 Composite Index,Composite Indices,IMD2019: Indoors Sub-Domain,002_IMD2019_AllData_Attributed_LSOA2021.csv,16,32,IMD2019.data.LSOA21,"One of the two components of the 'Living Environment Deprivation Domain', the <b>Indoors sub-domain</b> measures the quality of housing. The higher the value the greater the level of deprivation . [<a href=""https://www.gov.uk/government/publications/english-indices-of-deprivation-2019-research-report"" target=""_blank"">Report</a>] [<a href=""https://www.gov.uk/government/statistics/english-indices-of-deprivation-2019"" target=""_blank"">Source</a>]   Published using 2011 LSOAs, of which there were 32,844 in England. As we are here dealing with 2021 LSOAs it has been necessary to assign the 2011 LSOA scores to 2021 LSOAs (n=33,755) using a population-weighted algorithm (<a href=""GITHUB PLACEHOLDER"" target=""_blank"">Github RAP script (R)</a>).",IMD 2019: Indoors Score on 2021 LSOAs,IMD 2019: Indoors Sub-Domain score,IMD 2019: Indoors Score,"For more information:  https://tinyurl.com/39yv8uv3, https://tinyurl.com/mr3437wp and https://tinyurl.com/2p8wvsuj",<blank>,LSOA21CD,2021,1,High,Test
2,LSOA 2021,Pop-weighted attribution of IMD2019 Composite Index,Composite Indices,IMD2019: Outdoors Sub-Domain,002_IMD2019_AllData_Attributed_LSOA2021.csv,17,33,IMD2019.data.LSOA21,"One of the two components of the 'Living Environment Deprivation Domain', the <b>Outdoors sub-domain</b> comprises local measures of air quality and road traffic accidents. The higher the value the greater the level of deprivation. [<a href=""https://www.gov.uk/government/publications/english-indices-of-deprivation-2019-research-report"" target=""_blank"">Report</a>] [<a href=""https://www.gov.uk/government/statistics/english-indices-of-deprivation-2019"" target=""_blank"">Source</a>]   Published using 2011 LSOAs, of which there were 32,844 in England. As we are here dealing with 2021 LSOAs it has been necessary to assign the 2011 LSOA scores to 2021 LSOAs (n=33,755) using a population-weighted algorithm (<a href=""GITHUB PLACEHOLDER"" target=""_blank"">Github RAP script (R)</a>).",IMD 2019: Outdoors Score on 2021 LSOAs,IMD 2019: Outdoors Sub-Domain score,IMD 2019: Outdoors Score,"For more information:  https://tinyurl.com/39yv8uv3, https://tinyurl.com/mr3437wp and https://tinyurl.com/2p8wvsuj",<blank>,LSOA21CD,2021,1,High,Test
3,LSOA 2021,Pop-weighted attribution of GP practice data,GP QOF Prevalence Data,Stroke Prevalence: 2015-19 5yr ave,003_ PHE_QOFPrevalence_Ave_2015_2019_Attributed_LSOA2021.csv,2,18,QOF15_19.LSOA21,"<p><em>QOF prevalence estimates</em>: The number of patients with <strong>stroke or transient ischaemic attack (TIA)</strong> per 10,000 patients (total list size). [<a href=""https://fingertips.phe.org.uk/search/QOF#page/6/gid/3000007/pat/204/par/U00070/ati/7/are/H85026/iid/212/age/1/sex/4/cat/-1/ctp/-1/yrr/1/cid/4/tbm/1"" target=""_blank"">Definition</a>][<a href=""https://fingertips.phe.org.uk/profile/general-practice"" target=""_blank"">Source: PHE</a>][<a href=""https://digital.nhs.uk/data-and-information/publications/statistical/quality-and-outcomes-framework-achievement-prevalence-and-exceptions-data"" target=""_blank"">Source: NHS Digital</a>]</p><p>Practice level numerator and denominator data for 2015 - 2019 inclusive was obtained (using API) and attributed to 2011 LSOAs using contemporary (annual) NHS Digital data on the number of GP patients in LSOAs [<a href=""https://github.com/AlexGibsonPlymouth/GP_LSOA_Attribution"" target=""_blank"">Github RAP script (R)</a>], and attributed to 2021 LSOAs using population-weighted lookup tables [<a href=""GITHUB PLACEHOLDER"" target=""_blank"">Method: Github R script - coming!</a>].</p><p><strong>Note:</strong> QOF prevalence data must be treated with some caution.</p><ol><li>They are based on data collected by individual GP practices.  The data are likely to be generally reliable, but as GPs may not be equally effective at identifying or recording illness geographical variation may partly reflect GP catchment areas.</li><li>QOF data are not age-standardised and thus age-sensitive conditions will reflect the underlying demography of populations. Areas with large student populations, for instance, will tend to have very low prevalence rates for most QOF conditions. Such notwithstanding, QOF data provide an insight into the local need for health services.</li></ol>",Stroke Prevalence; 2015-19 (per 10k),Stroke Prevalence; 2015-19 (per 10k),QOF 15-19: Stroke (per 10k),For QOF data see https://qof.digital.nhs.uk/; for GP population registers see https://digital.nhs.uk/data-and-information/publications/statistical/patients-registered-at-a-gp-practice,<blank>,LSOA21CD,2021,1,High,Test
3,LSOA 2021,Pop-weighted attribution of GP practice data,GP QOF Prevalence Data,Hypertension Prevalence: 2015-19 5yr ave,003_ PHE_QOFPrevalence_Ave_2015_2019_Attributed_LSOA2021.csv,3,19,QOF15_19.LSOA21,"<p><em>QOF prevalence estimates</em>: The number of patients with established <strong>hypertension</strong> per 10,000 patients (total list size). [<a href=""hhttps://fingertips.phe.org.uk/search/QOF#page/6/gid/3000010/pat/204/par/U00070/ati/7/are/H85026/iid/219/age/1/sex/4/cat/-1/ctp/-1/yrr/1/cid/4/tbm/1"" target=""_blank"">Definition</a>] [<a href=""https://fingertips.phe.org.uk/profile/general-practice"" target=""_blank"">Source: PHE</a>] [<a href=""https://digital.nhs.uk/data-and-information/publications/statistical/quality-and-outcomes-framework-achievement-prevalence-and-exceptions-data"" target=""_blank"">Source: NHS Digital</a>]</p><p>Practice level numerator and denominator data for 2015 - 2019 inclusive was obtained (using API) and attributed to 2011 LSOAs using contemporary (annual) NHS Digital data on the number of GP patients in LSOAs [<a href=""https://github.com/AlexGibsonPlymouth/GP_LSOA_Attribution"" target=""_blank"">Github RAP script (R)</a>], and attributed to 2021 LSOAs using population-weighted lookup tables [<a href=""GITHUB PLACEHOLDER"" target=""_blank"">Method: Github R script - coming!</a>].</p><p><strong>Note:</strong> QOF prevalence data must be treated with some caution.</p><ol><li>They are based on data collected by individual GP practices.  The data are likely to be generally reliable, but as GPs may not be equally effective at identifying or recording illness geographical variation may partly reflect GP catchment areas.</li><li>QOF data are not age-standardised and thus age-sensitive conditions will reflect the underlying demography of populations. Areas with large student populations, for instance, will tend to have very low prevalence rates for most QOF conditions. Such notwithstanding, QOF data provide an insight into the local need for health services.</li></ol>",Hypertension Prevalence; 2015-19 (per 10k),Hypertension Prevalence; 2015-19 (per 10k),QOF 15-19: Hypertension (per 10k),For QOF data see https://qof.digital.nhs.uk/; for GP population registers see https://digital.nhs.uk/data-and-information/publications/statistical/patients-registered-at-a-gp-practice,<blank>,LSOA21CD,2021,1,High,Test
3,LSOA 2021,Pop-weighted attribution of GP practice data,GP QOF Prevalence Data,Diabetes (17+ yrs) Prevalence: 2015-19 5yr ave,003_ PHE_QOFPrevalence_Ave_2015_2019_Attributed_LSOA2021.csv,4,20,QOF15_19.LSOA21,"<p><em>QOF prevalence estimates</em>: The number of patients aged 17 or over with <strong>diabetes mellitus</strong> per 10,000 patients aged 17plus. [<a href=""https://fingertips.phe.org.uk/search/QOF#page/6/gid/2000002/pat/204/par/U00070/ati/7/are/H85026/iid/241/age/187/sex/4/cat/-1/ctp/-1/yrr/1/cid/4/tbm/1"" target=""_blank"">Definition</a>][<a href=""https://fingertips.phe.org.uk/profile/general-practice"" target=""_blank"">Source: PHE</a>][<a href=""https://digital.nhs.uk/data-and-information/publications/statistical/quality-and-outcomes-framework-achievement-prevalence-and-exceptions-data"" target=""_blank"">Source: NHS Digital</a>]</p><p>Practice level numerator and denominator data for 2015 - 2019 inclusive was obtained (using API) and attributed to 2011 LSOAs using contemporary (annual) NHS Digital data on the number of GP patients in LSOAs [<a href=""https://github.com/AlexGibsonPlymouth/GP_LSOA_Attribution"" target=""_blank"">Github RAP script (R)</a>], and attributed to 2021 LSOAs using population-weighted lookup tables [<a href=""GITHUB PLACEHOLDER"" target=""_blank"">Method: Github R script - coming!</a>].</p><p><strong>Note:</strong> QOF prevalence data must be treated with some caution.</p><ol><li>They are based on data collected by individual GP practices.  The data are likely to be generally reliable, but as GPs may not be equally effective at identifying or recording illness geographical variation may partly reflect GP catchment areas.</li><li>QOF data are not age-standardised and thus age-sensitive conditions will reflect the underlying demography of populations. Areas with large student populations, for instance, will tend to have very low prevalence rates for most QOF conditions. Such notwithstanding, QOF data provide an insight into the local need for health services.</li></ol>",Diabetes Prevalence; 2015-19 (per 10k),Diabetes Prevalence; 2015-19 (per 10k),QOF 15-19: Diabetes (per 10k),For QOF data see https://qof.digital.nhs.uk/; for GP population registers see https://digital.nhs.uk/data-and-information/publications/statistical/patients-registered-at-a-gp-practice,<blank>,LSOA21CD,2021,1,High,Test
3,LSOA 2021,Pop-weighted attribution of GP practice data,GP QOF Prevalence Data,Dementia Prevalence: 2015-19 () 5yr ave,003_ PHE_QOFPrevalence_Ave_2015_2019_Attributed_LSOA2021.csv,5,21,QOF15_19.LSOA21,"<p><em>QOF prevalence estimates</em>: The number of patients with <strong>dementia</strong> per 10,000 patients (all ages).  [<a href=""https://fingertips.phe.org.uk/search/QOF#page/6/gid/2000003/pat/204/par/U00070/ati/7/are/H85026/iid/247/age/1/sex/4/cat/-1/ctp/-1/yrr/1/cid/4/tbm/1"" target=""_blank"">Definition</a>][<a href=""https://fingertips.phe.org.uk/profile/general-practice"" target=""_blank"">Source: PHE</a>][<a href=""https://digital.nhs.uk/data-and-information/publications/statistical/quality-and-outcomes-framework-achievement-prevalence-and-exceptions-data"" target=""_blank"">Source: NHS Digital</a>] </p><p>Practice level numerator and denominator data for 2015 - 2019 inclusive was obtained (using API) and attributed to 2011 LSOAs using contemporary (annual) NHS Digital data on the number of GP patients in LSOAs [<a href=""https://github.com/AlexGibsonPlymouth/GP_LSOA_Attribution"" target=""_blank"">Github RAP script (R)</a>], and attributed to 2021 LSOAs using population-weighted lookup tables [<a href=""GITHUB PLACEHOLDER"" target=""_blank"">Method: Github R script - coming!</a>].</p><p><strong>Note:</strong> QOF prevalence data must be treated with some caution.</p><ol><li>They are based on data collected by individual GP practices.  The data are likely to be generally reliable, but as GPs may not be equally effective at identifying or recording illness geographical variation may partly reflect GP catchment areas.</li><li>QOF data are not age-standardised and thus age-sensitive conditions will reflect the underlying demography of populations. Areas with large student populations, for instance, will tend to have very low prevalence rates for most QOF conditions. Such notwithstanding, QOF data provide an insight into the local need for health services.</li></ol>",Dementia Prevalence; 2015-19 (per 10k),Dementia Prevalence; 2015-19 (per 10k),QOF 15-19: Dementia (per 10k),For QOF data see https://qof.digital.nhs.uk/; for GP population registers see https://digital.nhs.uk/data-and-information/publications/statistical/patients-registered-at-a-gp-practice,<blank>,LSOA21CD,2021,1,High,Test
3,LSOA 2021,Pop-weighted attribution of GP practice data,GP QOF Prevalence Data,COPD Prevalence: 2015-19 5yr ave,003_ PHE_QOFPrevalence_Ave_2015_2019_Attributed_LSOA2021.csv,6,22,QOF15_19.LSOA21,"<p><em>QOF prevalence estimates</em>: The number of patients with <strong>Chronic Obstructive Pulmonary Disease (COPD)</strong> per 10,000 patients (all ages). [<a href=""https://fingertips.phe.org.uk/search/QOF#page/6/gid/2000006/pat/204/par/U00070/ati/7/are/H85026/iid/253/age/1/sex/4/cat/-1/ctp/-1/yrr/1/cid/4/tbm/1"" target=""_blank"">Definition</a>][<a href=""https://fingertips.phe.org.uk/profile/general-practice"" target=""_blank"">Source: PHE</a>][<a href=""https://digital.nhs.uk/data-and-information/publications/statistical/quality-and-outcomes-framework-achievement-prevalence-and-exceptions-data"" target=""_blank"">Source: NHS Digital</a>] </p><p>Practice level numerator and denominator data for 2015 - 2019 inclusive was obtained (using API) and attributed to 2011 LSOAs using contemporary (annual) NHS Digital data on the number of GP patients in LSOAs [<a href=""https://github.com/AlexGibsonPlymouth/GP_LSOA_Attribution"" target=""_blank"">Github RAP script (R)</a>], and attributed to 2021 LSOAs using population-weighted lookup tables [<a href=""GITHUB PLACEHOLDER"" target=""_blank"">Method: Github R script - coming!</a>].</p><p><strong>Note:</strong> QOF prevalence data must be treated with some caution.</p><ol><li>They are based on data collected by individual GP practices.  The data are likely to be generally reliable, but as GPs may not be equally effective at identifying or recording illness geographical variation may partly reflect GP catchment areas.</li><li>QOF data are not age-standardised and thus age-sensitive conditions will reflect the underlying demography of populations. Areas with large student populations, for instance, will tend to have very low prevalence rates for most QOF conditions. Such notwithstanding, QOF data provide an insight into the local need for health services.</li></ol>",COPD Prevalence; 2015-19 (per 10k),COPD Prevalence; 2015-19 (per 10k),QOF 15-19: COPD (per 10k),For QOF data see https://qof.digital.nhs.uk/; for GP population registers see https://digital.nhs.uk/data-and-information/publications/statistical/patients-registered-at-a-gp-practice,<blank>,LSOA21CD,2021,1,High,Test
3,LSOA 2021,Pop-weighted attribution of GP practice data,GP QOF Prevalence Data,CKD Prevalence: 2015-19 5yr ave,003_ PHE_QOFPrevalence_Ave_2015_2019_Attributed_LSOA2021.csv,7,23,QOF15_19.LSOA21,"<p><em>QOF prevalence estimates</em>: The number of patients aged 18 years and over with <strong>chronic kidney disease (CKD)</strong> per 10,000 patients aged 18+.[<a href=""https://fingertips.phe.org.uk/search/QOF#page/6/gid/2000004/pat/204/par/U00070/ati/7/are/H85026/iid/258/age/168/sex/4/cat/-1/ctp/-1/yrr/1/cid/4/tbm/1"" target=""_blank"">Definition</a>][<a href=""https://fingertips.phe.org.uk/profile/general-practice"" target=""_blank"">Source: PHE</a>][<a href=""https://digital.nhs.uk/data-and-information/publications/statistical/quality-and-outcomes-framework-achievement-prevalence-and-exceptions-data"" target=""_blank"">Source: NHS Digital</a>] </p><p>Practice level numerator and denominator data for 2015 - 2019 inclusive was obtained (using API) and attributed to 2011 LSOAs using contemporary (annual) NHS Digital data on the number of GP patients in LSOAs [<a href=""https://github.com/AlexGibsonPlymouth/GP_LSOA_Attribution"" target=""_blank"">Github RAP script (R)</a>], and attributed to 2021 LSOAs using population-weighted lookup tables [<a href=""GITHUB PLACEHOLDER"" target=""_blank"">Method: Github R script - coming!</a>].</p><p><strong>Note:</strong> QOF prevalence data must be treated with some caution.</p><ol><li>They are based on data collected by individual GP practices.  The data are likely to be generally reliable, but as GPs may not be equally effective at identifying or recording illness geographical variation may partly reflect GP catchment areas.</li><li>QOF data are not age-standardised and thus age-sensitive conditions will reflect the underlying demography of populations. Areas with large student populations, for instance, will tend to have very low prevalence rates for most QOF conditions. Such notwithstanding, QOF data provide an insight into the local need for health services.</li></ol>",CKD Prevalence; 2015-19 (per 10k),CKD Prevalence; 2015-19 (per 10k),QOF 15-19: CKD (per 10k),For QOF data see https://qof.digital.nhs.uk/; for GP population registers see https://digital.nhs.uk/data-and-information/publications/statistical/patients-registered-at-a-gp-practice,<blank>,LSOA21CD,2021,1,High,Test
3,LSOA 2021,Pop-weighted attribution of GP practice data,GP QOF Prevalence Data,Heart Failure Prevalence: 2015-19 5yr ave,003_ PHE_QOFPrevalence_Ave_2015_2019_Attributed_LSOA2021.csv,8,24,QOF15_19.LSOA21,"<p><em>QOF prevalence estimates</em>: The number of patients with <strong>heart failure</strong> per 10,000 patients (all ages). [<a href=""https://fingertips.phe.org.uk/search/QOF#page/6/gid/3000009/pat/204/par/U00070/ati/7/are/H85026/iid/262/age/1/sex/4/cat/-1/ctp/-1/yrr/1/cid/4/tbm/1"" target=""_blank"">Definition</a>][<a href=""https://fingertips.phe.org.uk/profile/general-practice"" target=""_blank"">Source: PHE</a>][<a href=""https://digital.nhs.uk/data-and-information/publications/statistical/quality-and-outcomes-framework-achievement-prevalence-and-exceptions-data"" target=""_blank"">Source: NHS Digital</a>] </p><p>Practice level numerator and denominator data for 2015 - 2019 inclusive was obtained (using API) and attributed to 2011 LSOAs using contemporary (annual) NHS Digital data on the number of GP patients in LSOAs [<a href=""https://github.com/AlexGibsonPlymouth/GP_LSOA_Attribution"" target=""_blank"">Github RAP script (R)</a>], and attributed to 2021 LSOAs using population-weighted lookup tables [<a href=""GITHUB PLACEHOLDER"" target=""_blank"">Method: Github R script - coming!</a>].</p><p><strong>Note:</strong> QOF prevalence data must be treated with some caution.</p><ol><li>They are based on data collected by individual GP practices.  The data are likely to be generally reliable, but as GPs may not be equally effective at identifying or recording illness geographical variation may partly reflect GP catchment areas.</li><li>QOF data are not age-standardised and thus age-sensitive conditions will reflect the underlying demography of populations. Areas with large student populations, for instance, will tend to have very low prevalence rates for most QOF conditions. Such notwithstanding, QOF data provide an insight into the local need for health services.</li></ol>",Heart Failure Prevalence; 2015-19 (per 10k),Heart Failure Prevalence; 2015-19 (per 10k),QOF 15-19: Heart Failure (per 10k),For QOF data see https://qof.digital.nhs.uk/; for GP population registers see https://digital.nhs.uk/data-and-information/publications/statistical/patients-registered-at-a-gp-practice,<blank>,LSOA21CD,2021,1,High,Test
3,LSOA 2021,Pop-weighted attribution of GP practice data,GP QOF Prevalence Data,CHD Prevalence: 2015-19 5yr ave,003_ PHE_QOFPrevalence_Ave_2015_2019_Attributed_LSOA2021.csv,9,25,QOF15_19.LSOA21,"<p><em>QOF prevalence estimates</em>: The number of patients with <strong>coronary heart disease (CHD)</strong> per 10,000 patients (all ages). [<a href=""https://fingertips.phe.org.uk/search/QOF#page/6/gid/3000009/pat/204/par/U00070/ati/7/are/H85026/iid/262/age/1/sex/4/cat/-1/ctp/-1/yrr/1/cid/4/tbm/1"" target=""_blank"">Definition</a>][<a href=""https://fingertips.phe.org.uk/profile/general-practice"" target=""_blank"">Source: PHE</a>][<a href=""https://digital.nhs.uk/data-and-information/publications/statistical/quality-and-outcomes-framework-achievement-prevalence-and-exceptions-data"" target=""_blank"">Source: NHS Digital</a>]</p><p>Practice level numerator and denominator data for 2015 - 2019 inclusive was obtained (using API) and attributed to 2011 LSOAs using contemporary (annual) NHS Digital data on the number of GP patients in LSOAs [<a href=""https://github.com/AlexGibsonPlymouth/GP_LSOA_Attribution"" target=""_blank"">Github RAP script (R)</a>], and attributed to 2021 LSOAs using population-weighted lookup tables [<a href=""GITHUB PLACEHOLDER"" target=""_blank"">Method: Github R script - coming!</a>].</p><p><strong>Note:</strong> QOF prevalence data must be treated with some caution.</p><ol><li>They are based on data collected by individual GP practices.  The data are likely to be generally reliable, but as GPs may not be equally effective at identifying or recording illness geographical variation may partly reflect GP catchment areas.</li><li>QOF data are not age-standardised and thus age-sensitive conditions will reflect the underlying demography of populations. Areas with large student populations, for instance, will tend to have very low prevalence rates for most QOF conditions. Such notwithstanding, QOF data provide an insight into the local need for health services.</li></ol>",CHD Prevalence; 2015-19 (per 10k),CHD Prevalence; 2015-19 (per 10k),QOF 15-19: CHD (per 10k),For QOF data see https://qof.digital.nhs.uk/; for GP population registers see https://digital.nhs.uk/data-and-information/publications/statistical/patients-registered-at-a-gp-practice,<blank>,LSOA21CD,2021,1,High,Test
3,LSOA 2021,Pop-weighted attribution of GP practice data,GP QOF Prevalence Data,Cancer Prevalence: 2015-19 5yr ave,003_ PHE_QOFPrevalence_Ave_2015_2019_Attributed_LSOA2021.csv,10,26,QOF15_19.LSOA21,"<p><em>QOF prevalence estimates</em>: The number of patients with cancer (excluding non-melanotic skin cancers) per 10,000 patients (all ages).  [<a href=""https://fingertips.phe.org.uk/search/QOF#page/6/gid/1938132829/pat/204/par/U00070/ati/7/are/H85026/iid/276/age/1/sex/4/cat/-1/ctp/-1/yrr/1/cid/4/tbm/1"" target=""_blank"">Definition</a>][<a href=""https://fingertips.phe.org.uk/profile/general-practice"" target=""_blank"">Source: PHE</a>][<a href=""https://digital.nhs.uk/data-and-information/publications/statistical/quality-and-outcomes-framework-achievement-prevalence-and-exceptions-data"" target=""_blank"">Source: NHS Digital</a>] </p><p>Practice level numerator and denominator data for 2015 - 2019 inclusive was obtained (using API) and attributed to 2011 LSOAs using contemporary (annual) NHS Digital data on the number of GP patients in LSOAs [<a href=""https://github.com/AlexGibsonPlymouth/GP_LSOA_Attribution"" target=""_blank"">Github RAP script (R)</a>], and attributed to 2021 LSOAs using population-weighted lookup tables [<a href=""GITHUB PLACEHOLDER"" target=""_blank"">Method: Github R script - coming!</a>].</p><p><strong>Note:</strong> QOF prevalence data must be treated with some caution.</p><ol><li>They are based on data collected by individual GP practices.  The data are likely to be generally reliable, but as GPs may not be equally effective at identifying or recording illness geographical variation may partly reflect GP catchment areas.</li><li>QOF data are not age-standardised and thus age-sensitive conditions will reflect the underlying demography of populations. Areas with large student populations, for instance, will tend to have very low prevalence rates for most QOF conditions. Such notwithstanding, QOF data provide an insight into the local need for health services.</li></ol>",Cancer Prevalence; 2015-19 (per 10k),Cancer Prevalence; 2015-19 (per 10k),QOF 15-19: Cancer (per 10k),For QOF data see https://qof.digital.nhs.uk/; for GP population registers see https://digital.nhs.uk/data-and-information/publications/statistical/patients-registered-at-a-gp-practice,<blank>,LSOA21CD,2021,1,High,Test
3,LSOA 2021,Pop-weighted attribution of GP practice data,GP QOF Prevalence Data,Atrial fibrillation Prevalence: 2015-19 5yr ave,003_ PHE_QOFPrevalence_Ave_2015_2019_Attributed_LSOA2021.csv,11,27,QOF15_19.LSOA21,"<p><em>QOF prevalence estimates</em>: The number of patients with <strong>atrial fibrillation</strong> per 10,000 patients (all ages).  [<a href=""https://fingertips.phe.org.uk/search/QOF#page/6/gid/3000009/pat/204/par/U00070/ati/7/are/H85026/iid/280/age/1/sex/4/cat/-1/ctp/-1/yrr/1/cid/4/tbm/1"" target=""_blank"">Definition</a>][<a href=""https://fingertips.phe.org.uk/profile/general-practice"" target=""_blank"">Source: PHE</a>][<a href=""https://digital.nhs.uk/data-and-information/publications/statistical/quality-and-outcomes-framework-achievement-prevalence-and-exceptions-data"" target=""_blank"">Source: NHS Digital</a>] </p><p>Practice level numerator and denominator data for 2015 - 2019 inclusive was obtained (using API) and attributed to 2011 LSOAs using contemporary (annual) NHS Digital data on the number of GP patients in LSOAs [<a href=""https://github.com/AlexGibsonPlymouth/GP_LSOA_Attribution"" target=""_blank"">Github RAP script (R)</a>], and attributed to 2021 LSOAs using population-weighted lookup tables [<a href=""GITHUB PLACEHOLDER"" target=""_blank"">Method: Github R script - coming!</a>].</p><p><strong>Note:</strong> QOF prevalence data must be treated with some caution.</p><ol><li>They are based on data collected by individual GP practices.  The data are likely to be generally reliable, but as GPs may not be equally effective at identifying or recording illness geographical variation may partly reflect GP catchment areas.</li><li>QOF data are not age-standardised and thus age-sensitive conditions will reflect the underlying demography of populations. Areas with large student populations, for instance, will tend to have very low prevalence rates for most QOF conditions. Such notwithstanding, QOF data provide an insight into the local need for health services.</li></ol>",Atrial Fibrillation Prevalence; 2015-19 (per 10k),Atrial Fibrillation Prevalence; 2015-19 (per 10k),QOF 15-19: Atrial Fibrillation (per 10k),For QOF data see https://qof.digital.nhs.uk/; for GP population registers see https://digital.nhs.uk/data-and-information/publications/statistical/patients-registered-at-a-gp-practice,<blank>,LSOA21CD,2021,1,High,Test
3,LSOA 2021,Pop-weighted attribution of GP practice data,GP QOF Prevalence Data,Palliative/supportive care Prevalence: 2015-19 5yr ave,003_ PHE_QOFPrevalence_Ave_2015_2019_Attributed_LSOA2021.csv,12,28,QOF15_19.LSOA21,"<p><em>QOF prevalence estimates</em>: The number of patients in need of <strong>palliative care/support</strong> per 10,000 patients (all ages). [<a href=""https://fingertips.phe.org.uk/search/QOF#page/6/gid/2000004/pat/204/par/U00070/ati/7/are/H85026/iid/294/age/1/sex/4/cat/-1/ctp/-1/yrr/1/cid/4/tbm/1"" target=""_blank"">Definition</a>][<a href=""https://fingertips.phe.org.uk/profile/general-practice"" target=""_blank"">Source: PHE</a>][<a href=""https://digital.nhs.uk/data-and-information/publications/statistical/quality-and-outcomes-framework-achievement-prevalence-and-exceptions-data"" target=""_blank"">Source: NHS Digital</a>] </p><p>Practice level numerator and denominator data for 2015 - 2019 inclusive was obtained (using API) and attributed to 2011 LSOAs using contemporary (annual) NHS Digital data on the number of GP patients in LSOAs [<a href=""https://github.com/AlexGibsonPlymouth/GP_LSOA_Attribution"" target=""_blank"">Github RAP script (R)</a>], and attributed to 2021 LSOAs using population-weighted lookup tables [<a href=""GITHUB PLACEHOLDER"" target=""_blank"">Method: Github R script - coming!</a>].</p><p><strong>Note:</strong> QOF prevalence data must be treated with some caution.</p><ol><li>They are based on data collected by individual GP practices.  The data are likely to be generally reliable, but as GPs may not be equally effective at identifying or recording illness geographical variation may partly reflect GP catchment areas.</li><li>QOF data are not age-standardised and thus age-sensitive conditions will reflect the underlying demography of populations. Areas with large student populations, for instance, will tend to have very low prevalence rates for most QOF conditions. Such notwithstanding, QOF data provide an insight into the local need for health services.</li></ol>",Palliative Care Prevalence; 2015-19 (per 10k),Palliative Care Prevalence; 2015-19 (per 10k),QOF 15-19: Palliative Care (per 10k),For QOF data see https://qof.digital.nhs.uk/; for GP population registers see https://digital.nhs.uk/data-and-information/publications/statistical/patients-registered-at-a-gp-practice,<blank>,LSOA21CD,2021,1,High,Test
3,LSOA 2021,Pop-weighted attribution of GP practice data,GP QOF Prevalence Data,Depression Prevalence: 2015-19 5yr ave,003_ PHE_QOFPrevalence_Ave_2015_2019_Attributed_LSOA2021.csv,13,29,QOF15_19.LSOA21,"<p><em>QOF prevalence estimates</em>: The number of patients aged 18 and over with <strong>depression</strong> per 10,000 patients aged 18+.[<a href=""https://fingertips.phe.org.uk/search/QOF#page/6/gid/2000003/pat/204/par/U00070/ati/7/are/H85026/iid/848/age/168/sex/4/cat/-1/ctp/-1/yrr/1/cid/4/tbm/1"" target=""_blank"">Definition</a>][<a href=""https://fingertips.phe.org.uk/profile/general-practice"" target=""_blank"">Source: PHE</a>][<a href=""https://digital.nhs.uk/data-and-information/publications/statistical/quality-and-outcomes-framework-achievement-prevalence-and-exceptions-data"" target=""_blank"">Source: NHS Digital</a>] </p><p>Practice level numerator and denominator data for 2015 - 2019 inclusive was obtained (using API) and attributed to 2011 LSOAs using contemporary (annual) NHS Digital data on the number of GP patients in LSOAs [<a href=""https://github.com/AlexGibsonPlymouth/GP_LSOA_Attribution"" target=""_blank"">Github RAP script (R)</a>], and attributed to 2021 LSOAs using population-weighted lookup tables [<a href=""GITHUB PLACEHOLDER"" target=""_blank"">Method: Github R script - coming!</a>].</p><p><strong>Note:</strong> QOF prevalence data must be treated with some caution.</p><ol><li>They are based on data collected by individual GP practices.  The data are likely to be generally reliable, but as GPs may not be equally effective at identifying or recording illness geographical variation may partly reflect GP catchment areas.</li><li>QOF data are not age-standardised and thus age-sensitive conditions will reflect the underlying demography of populations. Areas with large student populations, for instance, will tend to have very low prevalence rates for most QOF conditions. Such notwithstanding, QOF data provide an insight into the local need for health services.</li></ol>",Depression Prevalence; 2015-19 (per 10k),Depression Prevalence; 2015-19 (per 10k),QOF 15-19: Depression (per 10k),For QOF data see https://qof.digital.nhs.uk/; for GP population registers see https://digital.nhs.uk/data-and-information/publications/statistical/patients-registered-at-a-gp-practice,<blank>,LSOA21CD,2021,1,High,Test
3,LSOA 2021,Pop-weighted attribution of GP practice data,GP QOF Prevalence Data,Osteoporosis Prevalence: 2015-19 5yr ave,003_ PHE_QOFPrevalence_Ave_2015_2019_Attributed_LSOA2021.csv,14,30,QOF15_19.LSOA21,"<p><em>QOF prevalence estimates</em>: The number of patients aged 50 and above with <strong>osteoporosis</strong> per 10,000 patients aged 50+. [<a href=""https://fingertips.phe.org.uk/search/QOF#page/6/gid/2000009/pat/204/par/U00070/ati/7/are/H85026/iid/90443/age/239/sex/4/cat/-1/ctp/-1/yrr/1/cid/4/tbm/1"" target=""_blank"">Definition</a>][<a href=""https://fingertips.phe.org.uk/profile/general-practice"" target=""_blank"">Source: PHE</a>][<a href=""https://digital.nhs.uk/data-and-information/publications/statistical/quality-and-outcomes-framework-achievement-prevalence-and-exceptions-data"" target=""_blank"">Source: NHS Digital</a>]</p><p>Practice level numerator and denominator data for 2015 - 2019 inclusive was obtained (using API) and attributed to 2011 LSOAs using contemporary (annual) NHS Digital data on the number of GP patients in LSOAs [<a href=""https://github.com/AlexGibsonPlymouth/GP_LSOA_Attribution"" target=""_blank"">Github RAP script (R)</a>], and attributed to 2021 LSOAs using population-weighted lookup tables [<a href=""GITHUB PLACEHOLDER"" target=""_blank"">Method: Github R script - coming!</a>].</p><p><strong>Note:</strong> QOF prevalence data must be treated with some caution.</p><ol><li>They are based on data collected by individual GP practices.  The data are likely to be generally reliable, but as GPs may not be equally effective at identifying or recording illness geographical variation may partly reflect GP catchment areas.</li><li>QOF data are not age-standardised and thus age-sensitive conditions will reflect the underlying demography of populations. Areas with large student populations, for instance, will tend to have very low prevalence rates for most QOF conditions. Such notwithstanding, QOF data provide an insight into the local need for health services.</li></ol>",Osteoporosis Prevalence; 2015-19 (per 10k),Osteoporosis Prevalence; 2015-19 (per 10k),QOF 15-19: Osteoporosis (per 10k),For QOF data see https://qof.digital.nhs.uk/; for GP population registers see https://digital.nhs.uk/data-and-information/publications/statistical/patients-registered-at-a-gp-practice,<blank>,LSOA21CD,2021,1,High,Test
3,LSOA 2021,Pop-weighted attribution of GP practice data,GP QOF Prevalence Data,Mental Health Prevalence: 2015-19 5yr ave,003_ PHE_QOFPrevalence_Ave_2015_2019_Attributed_LSOA2021.csv,15,31,QOF15_19.LSOA21,"<p><em>QOF prevalence estimates</em>: The number of patients with <strong>schizophrenia, bipolar affective disorder and other psychoses</strong> per 10,000 patients (all ages).[<a href=""https://fingertips.phe.org.uk/search/QOF#page/6/gid/2000003/pat/204/par/U00070/ati/7/are/H85026/iid/90581/age/1/sex/4/cat/-1/ctp/-1/yrr/1/cid/4/tbm/1"" target=""_blank"">Definition</a>][<a href=""https://fingertips.phe.org.uk/profile/general-practice"" target=""_blank"">Source: PHE</a>][<a href=""https://digital.nhs.uk/data-and-information/publications/statistical/quality-and-outcomes-framework-achievement-prevalence-and-exceptions-data"" target=""_blank"">Source: NHS Digital</a>]</p><p>Practice level numerator and denominator data for 2015 - 2019 inclusive was obtained (using API) and attributed to 2011 LSOAs using contemporary (annual) NHS Digital data on the number of GP patients in LSOAs [<a href=""https://github.com/AlexGibsonPlymouth/GP_LSOA_Attribution"" target=""_blank"">Github RAP script (R)</a>], and attributed to 2021 LSOAs using population-weighted lookup tables [<a href=""GITHUB PLACEHOLDER"" target=""_blank"">Method: Github R script - coming!</a>].</p><p><strong>Note:</strong> QOF prevalence data must be treated with some caution.</p><ol><li>They are based on data collected by individual GP practices.  The data are likely to be generally reliable, but as GPs may not be equally effective at identifying or recording illness geographical variation may partly reflect GP catchment areas.</li><li>QOF data are not age-standardised and thus age-sensitive conditions will reflect the underlying demography of populations. Areas with large student populations, for instance, will tend to have very low prevalence rates for most QOF conditions. Such notwithstanding, QOF data provide an insight into the local need for health services.</li></ol>",Mental Health Prevalence; 2015-19 (per 10k),Mental Health Prevalence; 2015-19 (per 10k),QOF 15-19: Mental Health (per 10k),For QOF data see https://qof.digital.nhs.uk/; for GP population registers see https://digital.nhs.uk/data-and-information/publications/statistical/patients-registered-at-a-gp-practice,<blank>,LSOA21CD,2021,1,High,Test
3,LSOA 2021,Pop-weighted attribution of GP practice data,GP QOF Prevalence Data,Smoking Prevalence: 2015-19 5yr ave,003_ PHE_QOFPrevalence_Ave_2015_2019_Attributed_LSOA2021.csv,16,32,QOF15_19.LSOA21,"<p><em>QOF prevalence estimates</em>: The number of patients aged 15+ yrs who are recorded as <strong>current smokers</strong> per 10,000 patients aged 15+. [<a href=""https://fingertips.phe.org.uk/search/QOF#page/6/gid/3000010/pat/204/par/U00070/ati/7/are/H85026/iid/91280/age/188/sex/4/cat/-1/ctp/-1/yrr/1/cid/4/tbm/1"" target=""_blank"">Definition</a>][<a href=""https://fingertips.phe.org.uk/profile/general-practice"" target=""_blank"">Source: PHE</a>][<a href=""https://digital.nhs.uk/data-and-information/publications/statistical/quality-and-outcomes-framework-achievement-prevalence-and-exceptions-data"" target=""_blank"">Source: NHS Digital</a>]</p><p>Practice level numerator and denominator data for 2015 - 2019 inclusive was obtained (using API) and attributed to 2011 LSOAs using contemporary (annual) NHS Digital data on the number of GP patients in LSOAs [<a href=""https://github.com/AlexGibsonPlymouth/GP_LSOA_Attribution"" target=""_blank"">Github RAP script (R)</a>], and attributed to 2021 LSOAs using population-weighted lookup tables [<a href=""GITHUB PLACEHOLDER"" target=""_blank"">Method: Github R script - coming!</a>].</p><p><strong>Note:</strong> QOF prevalence data must be treated with some caution.</p><ol><li>They are based on data collected by individual GP practices.  The data are likely to be generally reliable, but as GPs may not be equally effective at identifying or recording illness geographical variation may partly reflect GP catchment areas.</li><li>QOF data are not age-standardised and thus age-sensitive conditions will reflect the underlying demography of populations. Areas with large student populations, for instance, will tend to have very low prevalence rates for most QOF conditions. Such notwithstanding, QOF data provide an insight into the local need for health services.</li></ol>",Smoking Prevalence; 2015-19 (per 10k),Smoking Prevalence; 2015-19 (per 10k),QOF 15-19: Smoking (per 10k),For QOF data see https://qof.digital.nhs.uk/; for GP population registers see https://digital.nhs.uk/data-and-information/publications/statistical/patients-registered-at-a-gp-practice,<blank>,LSOA21CD,2021,1,High,Test
3,LSOA 2021,Pop-weighted attribution of GP practice data,GP QOF Prevalence Data,Obesity Prevalence: 2015-19 5yr ave,003_ PHE_QOFPrevalence_Ave_2015_2019_Attributed_LSOA2021.csv,17,33,QOF15_19.LSOA21,"<p><em>QOF prevalence estimates</em>: The number of patients aged 18 or over with a <strong>BMI greater than or equal to 30 (obese)</strong> in the previous 12 months per 10,000 patients aged 18+.  [<a href=""https://fingertips.phe.org.uk/search/QOF#page/6/gid/2000002/pat/204/par/U00070/ati/7/are/H85026/iid/92588/age/168/sex/4/cat/-1/ctp/-1/yrr/1/cid/4/tbm/1"" target=""_blank"">Definition</a>][<a href=""https://fingertips.phe.org.uk/profile/general-practice"" target=""_blank"">Source: PHE</a>][<a href=""https://digital.nhs.uk/data-and-information/publications/statistical/quality-and-outcomes-framework-achievement-prevalence-and-exceptions-data"" target=""_blank"">Source: NHS Digital</a>]</p><p>Practice level numerator and denominator data for 2015 - 2019 inclusive was obtained (using API) and attributed to 2011 LSOAs using contemporary (annual) NHS Digital data on the number of GP patients in LSOAs [<a href=""https://github.com/AlexGibsonPlymouth/GP_LSOA_Attribution"" target=""_blank"">Github RAP script (R)</a>], and attributed to 2021 LSOAs using population-weighted lookup tables [<a href=""GITHUB PLACEHOLDER"" target=""_blank"">Method: Github R script - coming!</a>].</p><p><strong>Note:</strong> QOF prevalence data must be treated with some caution.</p><ol><li>They are based on data collected by individual GP practices.  The data are likely to be generally reliable, but as GPs may not be equally effective at identifying or recording illness geographical variation may partly reflect GP catchment areas.</li><li>QOF data are not age-standardised and thus age-sensitive conditions will reflect the underlying demography of populations. Areas with large student populations, for instance, will tend to have very low prevalence rates for most QOF conditions. Such notwithstanding, QOF data provide an insight into the local need for health services.</li></ol>",Obesity Prevalence; 2015-19 (per 10k),Obesity Prevalence; 2015-19 (per 10k),QOF 15-19: Obesity (per 10k),For QOF data see https://qof.digital.nhs.uk/; for GP population registers see https://digital.nhs.uk/data-and-information/publications/statistical/patients-registered-at-a-gp-practice,<blank>,LSOA21CD,2021,1,High,Test
4,LSOA 2021,2021 Census Data,Health Status,2021 Census Very Bad Health,004_ Census2021_GenHealth_LSOA2021.csv,2,4,Census2021.Health.data.LSOA21,"<em>2021 Census</em>: The proportion (%) of the <strong>LSOA21</strong> population self-reporting <strong>'Very Bad General Health'</strong>  in the 2021 Census (from five options comprising Very Bad, Bad, Fair, Good, and Very Good General Health).  [<a href=""https://www.nomisweb.co.uk/datasets/c2021ts037"" target=""_blank"">Source: NOMIS Dataset TS037</a>][<a href=""https://www.ons.gov.uk/datasets/create"" target=""_blank"">Source: ONS</a>] [<a href=""RAP GITHUB PLACEHOLDER"" target=""_blank"">Download: Github R script - coming!</a>]",2021 Census: Proportion population self-reporting very bad general health,Self-reported very bad general health (%),"Very Bad Gen Health, 2021 (%)",For more information:  https://census.gov.uk/and https://www.nomisweb.co.uk/sources/census_2021,<blank>,LSOA21CD,2021,1,High,Test
4,LSOA 2021,2021 Census Data,Health Status,2021 Census Bad or Very Bad General Health,004_ Census2021_GenHealth_LSOA2021.csv,3,5,Census2021.Health.data.LSOA21,"<em>2021 Census</em>: The proportion (%) of the <strong>LSOA21</strong> population self-reporting <strong>'Very Bad or Bad General Health'</strong> in the 2021 Census (from five options comprising Very Bad, Bad, Fair, Good, and Very Good General Health).  [<a href=""https://www.nomisweb.co.uk/datasets/c2021ts037"" target=""_blank"">Source: NOMIS Dataset TS037</a>][<a href=""https://www.ons.gov.uk/datasets/create"" target=""_blank"">Source: ONS</a>] [<a href=""RAP GITHUB PLACEHOLDER"" target=""_blank"">Download: Github R script - coming!</a>]",2021 Census: Proportion population self-reporting very bad or bad general health,Self-reported band or very bad general health (%),"Very Bad / Bad Gen Health, 2021 (%)",For more information:  https://census.gov.uk/and https://www.nomisweb.co.uk/sources/census_2021,<blank>,LSOA21CD,2021,1,High,Test
5,LSOA 2011,PHE <strong>modelled</strong> metric,Fuel Poverty,"Households in poverty, 2020",005_HHinPoverty2020_LSOA2011.csv,3,7,HHinPoverty_2020_PC.LSOA11,"<p><em>Public Health Profiles:</em> Modelled estimates of the percent of <strong>households in fuel poverty, 2020</strong>. PHE Indicator 93280.  [<a href=""https://fingertips.phe.org.uk/search/households%20in%20poverty#page/6/gid/1938133387/pat/159/par/K02000001/ati/15/are/E92000001/iid/93280/age/-1/sex/-1/cat/-1/ctp/-1/yrr/1/cid/4/tbm/1"" target=""_blank"">Definition</a>] [<a href=""https://fingertips.phe.org.uk/local-health#page/3/gid/1938133180/pat/402/par/E06000001/ati/3/are/E02002483/iid/93280/age/-1/sex/-1/cat/-1/ctp/-1/yrr/1/cid/4/tbm/1"" target=""_blank"">PHE Source</a>] [<a href=""https://www.gov.uk/government/statistics/sub-regional-fuel-poverty-data-2022"" target=""_blank"">Official Statistics Source</a>]  [<a href=""https://www.gov.uk/government/statistics/sub-regional-fuel-poverty-2022"" target=""_blank"">Report</a>]  [<a href=""RAP GITHUB PLACEHOLDER"" target=""_blank"">Download: Github R script - coming!</a>]</p><p><strong>Note</strong>: These constitute 'Experimental statistics' from Official Statistics. The data provider states: ""Estimates of fuel poverty at Lower Super Output Area (LSOA) should be treated with caution. The estimates should only be used to look at general trends and identify areas of particularly high or low fuel poverty."" </p>","HH in Poverty, LSOA, 2020","Households in Poverty, 2020","HH in Poverty, 2020 (%)",Source info,<blank>,LSOA11CD,2011,1,High,Test
6,MSOA 2011,PHE <strong>modelled</strong> metric,Fuel Poverty,"Households in poverty, 2020",006_FingertipsData_MSOA2011.csv,3,5,HHinPoverty_2020_PC.MSOA11,Some text about Fingertips health data,"HH in Poverty, MSOA, 2020","Households in Poverty, 2020","HH in Poverty, 2020 (%)",Source info,<blank>,MSOA11CD,2011,1,High,Test
6,MSOA 2011,PHE Standardised Metric,Secondary Care (Admissions),CHD Emergency Admissions,006_FingertipsData_MSOA2011.csv,4,6,StdAdmitRatios.MSOA11,Some text about Fingertips health data,"Standardised Emergency Admissions Ratio, CHD,  13/14-17/18","Standardised Emergency Admissions Ratio, CHD,  13/14-17/18","Std. Ratio, CHD,  13/14-17/18 (per 10k)",Source info,<blank>,MSOA11CD,2011,1,High,Test
7,MSOA 2021,2021 Census Data,Demography,Resident Pop 65plus (%),007_2021Census_MSOA2021.csv,2,5,Census2021Demog.MSOA21,"<em>2021 Census</em>: The proportion (%) of the<strong> MSOA21</strong> resident population <strong>aged 65 and over</strong> [<a href=""https://www.nomisweb.co.uk/datasets/c2021ts037"" target=""_blank"">Source: NOMIS Dataset TS037</a>][<a href=""https://www.ons.gov.uk/datasets/create"" target=""_blank"">Source: ONS</a>] [<a href=""RAP GITHUB PLACEHOLDER"" target=""_blank"">Download: Github R script - coming!</a>]",Resident Pop aged 65plus MSOA21CD,Resident Pop aged 65plus (%),Res Pop 65plus (%),Source info,<blank>,MSOA21CD,2021,1,High,Test
7,MSOA 2021,2021 Census Data,Demography,Resident Pop 75plus (%),007_2021Census_MSOA2021.csv,3,6,Census2021Demog.MSOA21,"<em>2021 Census</em>: The proportion (%) of the<strong> MSOA21</strong> resident population <strong>aged 75 and over</strong> [<a href=""https://www.nomisweb.co.uk/datasets/c2021ts037"" target=""_blank"">Source: NOMIS Dataset TS037</a>][<a href=""https://www.ons.gov.uk/datasets/create"" target=""_blank"">Source: ONS</a>] [<a href=""RAP GITHUB PLACEHOLDER"" target=""_blank"">Download: Github R script - coming!</a>]",Resident Pop aged 75plus MSOA21CD,Resident Pop aged 75plus (%),Res Pop 75plus (%),Source info,<blank>,MSOA21CD,2021,1,High,Test
7,MSOA 2021,2021 Census Data,Demography,Resident Pop 85plus (%),007_2021Census_MSOA2021.csv,4,7,Census2021Demog.MSOA21,"<em>2021 Census</em>: The proportion (%) of the<strong> MSOA21</strong> resident population <strong>aged 85 and over</strong> [<a href=""https://www.nomisweb.co.uk/datasets/c2021ts037"" target=""_blank"">Source: NOMIS Dataset TS037</a>][<a href=""https://www.ons.gov.uk/datasets/create"" target=""_blank"">Source: ONS</a>] [<a href=""RAP GITHUB PLACEHOLDER"" target=""_blank"">Download: Github R script - coming!</a>]",Resident Pop aged 85plus MSOA21CD,Resident Pop aged 85plus (%),Res Pop 85plus (%),Source info,<blank>,MSOA21CD,2021,1,High,Test
8,OA 2021,2021 Census Data,Demography,Resident Pop 65plus (%),008_2021Census_OA2021.csv,2,5,Census2021Demog.OA21,"<em>2021 Census</em>: The proportion (%) of the<strong> OA21</strong> resident population <strong>aged 65 and over</strong> [<a href=""https://www.nomisweb.co.uk/datasets/c2021ts037"" target=""_blank"">Source: NOMIS Dataset TS037</a>][<a href=""https://www.ons.gov.uk/datasets/create"" target=""_blank"">Source: ONS</a>] [<a href=""RAP GITHUB PLACEHOLDER"" target=""_blank"">Download: Github R script - coming!</a>]",Resident Pop aged 65plus OA21CD,Resident Pop aged 65plus (%),Res Pop 65plus (%),Source info,<blank>,OA21CD,2021,1,High,Test
8,OA 2021,2021 Census Data,Demography,Resident Pop 75plus (%),008_2021Census_OA2021.csv,3,6,Census2021Demog.OA21,"<em>2021 Census</em>: The proportion (%) of the<strong> OA21</strong> resident population <strong>aged 75 and over</strong> [<a href=""https://www.nomisweb.co.uk/datasets/c2021ts037"" target=""_blank"">Source: NOMIS Dataset TS037</a>][<a href=""https://www.ons.gov.uk/datasets/create"" target=""_blank"">Source: ONS</a>] [<a href=""RAP GITHUB PLACEHOLDER"" target=""_blank"">Download: Github R script - coming!</a>]",Resident Pop aged 75plus OA21CD,Resident Pop aged 75plus (%),Res Pop 75plus (%),Source info,<blank>,OA21CD,2021,1,High,Test
8,OA 2021,2021 Census Data,Demography,Resident Pop 85plus (%),008_2021Census_OA2021.csv,4,7,Census2021Demog.OA21,"<em>2021 Census</em>: The proportion (%) of the<strong> OA21</strong> resident population <strong>aged 85 and over</strong> [<a href=""https://www.nomisweb.co.uk/datasets/c2021ts037"" target=""_blank"">Source: NOMIS Dataset TS037</a>][<a href=""https://www.ons.gov.uk/datasets/create"" target=""_blank"">Source: ONS</a>] [<a href=""RAP GITHUB PLACEHOLDER"" target=""_blank"">Download: Github R script - coming!</a>]",Resident Pop aged 85plus OA21CD,Resident Pop aged 85plus (%),Res Pop 85plus (%),Source info,<blank>,OA21CD,2021,1,High,Test
9,OA 2011,2011 Census Data,Demography,Resident Pop 65plus (%),009_2021Census_OA2011.csv,2,5,Census2011Demog.OA11,"<em>2011 Census</em>: The proportion (%) of the<strong> OA11</strong> resident population <strong>aged 65 and over</strong> [<a href=""https://www.nomisweb.co.uk/datasets/c2021ts037"" target=""_blank"">Source: NOMIS Dataset TS037</a>][<a href=""https://www.ons.gov.uk/datasets/create"" target=""_blank"">Source: ONS</a>] [<a href=""RAP GITHUB PLACEHOLDER"" target=""_blank"">Download: Github R script - coming!</a>]",Resident Pop aged 65plus OA11CD,Resident Pop aged 65plus (%),Res Pop 65plus (%),Source info,<blank>,OA11CD,2011,1,High,Test
9,OA 2011,2011 Census Data,Demography,Resident Pop 75plus (%),009_2021Census_OA2011.csv,3,6,Census2011Demog.OA11,"<em>2011 Census</em>: The proportion (%) of the<strong> OA11</strong> resident population <strong>aged 75 and over</strong> [<a href=""https://www.nomisweb.co.uk/datasets/c2021ts037"" target=""_blank"">Source: NOMIS Dataset TS037</a>][<a href=""https://www.ons.gov.uk/datasets/create"" target=""_blank"">Source: ONS</a>] [<a href=""RAP GITHUB PLACEHOLDER"" target=""_blank"">Download: Github R script - coming!</a>]",Resident Pop aged 75plus OA11CD,Resident Pop aged 75plus (%),Res Pop 75plus (%),Source info,<blank>,OA11CD,2011,1,High,Test
9,OA 2011,2011 Census Data,Demography,Resident Pop 85plus (%),009_2021Census_OA2011.csv,4,7,Census2011Demog.OA11,"<em>2011 Census</em>: The proportion (%) of the<strong> OA11</strong> resident population <strong>aged 85 and over</strong> [<a href=""https://www.nomisweb.co.uk/datasets/c2021ts037"" target=""_blank"">Source: NOMIS Dataset TS037</a>][<a href=""https://www.ons.gov.uk/datasets/create"" target=""_blank"">Source: ONS</a>] [<a href=""RAP GITHUB PLACEHOLDER"" target=""_blank"">Download: Github R script - coming!</a>]",Resident Pop aged 85plus OA11CD,Resident Pop aged 85plus (%),Res Pop 85plus (%),Source info,<blank>,OA11CD,2011,1,High,Test
10,BUA 2011,2011 Census Data,Demography,Resident Pop 65plus (%),010_2011Census_BUA2011.csv,3,6,Census2011Demog.BUA11,"<em>2011 Census</em>: The proportion (%) of the<strong> BUA11</strong> resident population <strong>aged 65 and over</strong> [<a href=""https://www.nomisweb.co.uk/datasets/c2021ts037"" target=""_blank"">Source: NOMIS Dataset TS037</a>][<a href=""https://www.ons.gov.uk/datasets/create"" target=""_blank"">Source: ONS</a>] [<a href=""RAP GITHUB PLACEHOLDER"" target=""_blank"">Download: Github R script - coming!</a>]",Resident Pop aged 65plus BUA11CD,Resident Pop aged 65plus (%),Res Pop 65plus (%),Source info,<blank>,BUA11CD,2011,1,High,Test
10,BUA 2011,2011 Census Data,Demography,Resident Pop 75plus (%),010_2011Census_BUA2011.csv,4,7,Census2011Demog.BUA11,"<em>2011 Census</em>: The proportion (%) of the<strong> BUA11</strong> resident population <strong>aged 75 and over</strong> [<a href=""https://www.nomisweb.co.uk/datasets/c2021ts037"" target=""_blank"">Source: NOMIS Dataset TS037</a>][<a href=""https://www.ons.gov.uk/datasets/create"" target=""_blank"">Source: ONS</a>] [<a href=""RAP GITHUB PLACEHOLDER"" target=""_blank"">Download: Github R script - coming!</a>]",Resident Pop aged 75plus BUA11CD,Resident Pop aged 75plus (%),Res Pop 75plus (%),Source info,<blank>,BUA11CD,2011,1,High,Test
10,BUA 2011,2011 Census Data,Demography,Resident Pop 85plus (%),010_2011Census_BUA2011.csv,5,8,Census2011Demog.BUA11,"<em>2011 Census</em>: The proportion (%) of the<strong> BUA11</strong> resident population <strong>aged 85 and over</strong> [<a href=""https://www.nomisweb.co.uk/datasets/c2021ts037"" target=""_blank"">Source: NOMIS Dataset TS037</a>][<a href=""https://www.ons.gov.uk/datasets/create"" target=""_blank"">Source: ONS</a>] [<a href=""RAP GITHUB PLACEHOLDER"" target=""_blank"">Download: Github R script - coming!</a>]",Resident Pop aged 85plus BUA11CD,Resident Pop aged 85plus (%),Res Pop 85plus (%),Source info,<blank>,BUA11CD,2011,1,High,Test
11,BUA 2022,2011 Census Data,Demography,Resident Pop 65plus (%),011_2021Census_BUA2022.csv,3,6,Census2022Demog.BUA22,"<em>2021 Census</em>: The proportion (%) of the<strong> BUA22</strong> resident population <strong>aged 65 and over</strong> [<a href=""https://www.nomisweb.co.uk/datasets/c2021ts037"" target=""_blank"">Source: NOMIS Dataset TS037</a>][<a href=""https://www.ons.gov.uk/datasets/create"" target=""_blank"">Source: ONS</a>] [<a href=""RAP GITHUB PLACEHOLDER"" target=""_blank"">Download: Github R script - coming!</a>]",Resident Pop aged 65plus BUA22CD,Resident Pop aged 65plus (%),Res Pop 65plus (%),https://www.ons.gov.uk/peoplepopulationandcommunity/housing/articles/townsandcitiescharacteristicsofbuiltupareasenglandandwales/census2021,<blank>,BUA22CD,2022,1,High,Test
11,BUA 2022,2011 Census Data,Demography,Resident Pop 75plus (%),011_2021Census_BUA2022.csv,4,7,Census2022Demog.BUA22,"<em>2021 Census</em>: The proportion (%) of the<strong> BUA22</strong> resident population <strong>aged 75 and over</strong> [<a href=""https://www.nomisweb.co.uk/datasets/c2021ts037"" target=""_blank"">Source: NOMIS Dataset TS037</a>][<a href=""https://www.ons.gov.uk/datasets/create"" target=""_blank"">Source: ONS</a>] [<a href=""RAP GITHUB PLACEHOLDER"" target=""_blank"">Download: Github R script - coming!</a>]",Resident Pop aged 75plus BUA22CD,Resident Pop aged 75plus (%),Res Pop 75plus (%),https://www.ons.gov.uk/peoplepopulationandcommunity/housing/articles/townsandcitiescharacteristicsofbuiltupareasenglandandwales/census2021,<blank>,BUA22CD,2022,1,High,Test
11,BUA 2022,2011 Census Data,Demography,Resident Pop 85plus (%),011_2021Census_BUA2022.csv,5,8,Census2022Demog.BUA22,"<em>2021 Census</em>: The proportion (%) of the<strong> BUA22</strong> resident population <strong>aged 85 and over</strong> [<a href=""https://www.nomisweb.co.uk/datasets/c2021ts037"" target=""_blank"">Source: NOMIS Dataset TS037</a>][<a href=""https://www.ons.gov.uk/datasets/create"" target=""_blank"">Source: ONS</a>] [<a href=""RAP GITHUB PLACEHOLDER"" target=""_blank"">Download: Github R script - coming!</a>]",Resident Pop aged 85plus BUA22CD,Resident Pop aged 85plus (%),Res Pop 85plus (%),https://www.ons.gov.uk/peoplepopulationandcommunity/housing/articles/townsandcitiescharacteristicsofbuiltupareasenglandandwales/census2021,<blank>,BUA22CD,2022,1,High,Test
12,LSOA 2021,2021 Census Data,Housing,"Vacant Dwellings, 2021 Census (%)",012_Housing_2021Census_LSOA21.csv,2,16,Census2021Housing.LSOA21,<em>Nothing yet!</em>,Vacant Dwellings 2021 Census LSOA21CD,"Vacant Dwellings, 2021 Census (%)","Vacant Dwellings, 2021 (%)",<blank>,<blank>,LSOA21CD,2021,1,High,Test
12,LSOA 2021,2021 Census Data,Housing,"Second Homes, 2021 Census (%)",012_Housing_2021Census_LSOA21.csv,3,17,Census2021Housing.LSOA21,<em>Nothing yet!</em>,Second Homes 2021 Census LSOA21CD,"Second Homes, 2021 Census (%)","Second Homes, 2021 (%)",<blank>,<blank>,LSOA21CD,2021,1,High,Test
12,LSOA 2021,2021 Census Data,Housing,"Vacant or 2nd Homes, 2021 Census (%)",012_Housing_2021Census_LSOA21.csv,4,18,Census2021Housing.LSOA21,<em>Nothing yet!</em>,Vacant Dwellings and Second Homes 2021 Census LSOA21CD,"Vacant or 2nd Homes, 2021 Census (%)","Vacant/2nd Homes, 2021 (%)",<blank>,<blank>,LSOA21CD,2021,1,High,Test
12,LSOA 2021,2021 Census Data,Housing,"Households per Dwelling, 2021 Census",012_Housing_2021Census_LSOA21.csv,5,19,Census2021Housing.LSOA21,<em>Nothing yet!</em>,HH per Dwelling 2021 Census LSOA21CD,"Households per Dwelling, 2021 Census","HH per Dwelling, 2021",<blank>,<blank>,LSOA21CD,2021,1,High,Test
12,LSOA 2021,2021 Census Data,Housing,"* % HH in detached properties, 2021 Census",012_Housing_2021Census_LSOA21.csv,6,20,Census2021Housing.LSOA21,<em>Nothing yet!</em>,HH in detached properties 2021 Census LSOA21CD,"Households in detached properties, 2021 Census (%)",* Detached HH. 2021 (%),<blank>,<blank>,LSOA21CD,2021,1,notapplicable,Test
12,LSOA 2021,2021 Census Data,Housing,"* % HH in semi-detached properties, 2021 Census",012_Housing_2021Census_LSOA21.csv,7,21,Census2021Housing.LSOA21,<em>Nothing yet!</em>,HH in semi-detached properties 2021 Census LSOA21CD,"Households in semi-detached properties, 2021 Census (%)","* Semi-detached HH, 2021 (%)",<blank>,<blank>,LSOA21CD,2021,1,notapplicable,Test
12,LSOA 2021,2021 Census Data,Housing,"* % HH in Terraced properties, 2021 Census",012_Housing_2021Census_LSOA21.csv,8,22,Census2021Housing.LSOA21,<em>Nothing yet!</em>,HH in terraced properties 2021 Census LSOA21CD,"Households in terraced properties, 2021 Census (%)","* Terraced HH, 2021 (%)",<blank>,<blank>,LSOA21CD,2021,1,notapplicable,Test
12,LSOA 2021,2021 Census Data,Housing,"* % HH in Flats/Tenements, 2021 Census",012_Housing_2021Census_LSOA21.csv,9,23,Census2021Housing.LSOA21,<em>Nothing yet!</em>,HH in flats 2021 Census LSOA21CD,"Households in flats, 2021 Census (%)","* HH in flats, 2021 (%)",<blank>,<blank>,LSOA21CD,2021,1,notapplicable,Test
12,LSOA 2021,2021 Census Data,Housing,"* % HH Owner occupied, 2021 Census",012_Housing_2021Census_LSOA21.csv,10,24,Census2021Housing.LSOA21,<em>Nothing yet!</em>,Owner Occupied HH 2021 Census LSOA21CD,"% HH Owner occupied, 2021 Census","* Owner Occupied HH, 2021(%)",<blank>,<blank>,LSOA21CD,2021,1,notapplicable,Test
12,LSOA 2021,2021 Census Data,Housing,"* % HH Privately rented or rent free, 2021 Census",012_Housing_2021Census_LSOA21.csv,11,25,Census2021Housing.LSOA21,<em>Nothing yet!</em>,Private Rented HH 2021 Census LSOA21CD,"% HH Privately rented or rent free, 2021 Census","* Private Rented HH, 2021 (%)",<blank>,<blank>,LSOA21CD,2021,1,notapplicable,Test
12,LSOA 2021,2021 Census Data,Housing,"% HH Social Rented, 2021 Census",012_Housing_2021Census_LSOA21.csv,12,26,Census2021Housing.LSOA21,<em>Nothing yet!</em>,Social Rented HH 2021 Census LSOA21CD,"% HH Social Rented, 2021 Census","Social Rented HH, 2021 (%)",<blank>,<blank>,LSOA21CD,2021,1,High,Test
12,LSOA 2021,2021 Census Data,Housing,"% HH in Caravans or Mobile Homes, 2021 Census",012_Housing_2021Census_LSOA21.csv,13,27,Census2021Housing.LSOA21,<em>Nothing yet!</em>,HH in caravans 2021 Census LSOA21CD,"Households in caravans, 2021 Census (%)","HH in caravans, 2021 (%)",<blank>,<blank>,LSOA21CD,2021,1,High,Test
12,LSOA 2021,2021 Census Data,Housing,"% HH with too few beds, 2021 Census",012_Housing_2021Census_LSOA21.csv,14,28,Census2021Housing.LSOA21,<em>Nothing yet!</em>,HH with too few beds 2021 Census LSOA21CD,"% HH with too few beds, 2021 Census","Overcrowded HH,  2021 (%)",<blank>,<blank>,LSOA21CD,2021,1,High,Test
12,LSOA 2021,2021 Census Data,Housing,"% HH with no Central Heating, 2021 Census",012_Housing_2021Census_LSOA21.csv,15,29,Census2021Housing.LSOA21,<em>Nothing yet!</em>,HH with no central heating 2021 Census LSOA21CD,"% HH with no Central Heating, 2021 Census","HH without CH, 2021 (%)",<blank>,<blank>,LSOA21CD,2021,1,High,Test
13,LSOA 2021,IMD2019 <strong>modelled</strong> metric attributed to 2021 LSOAs,Housing,IMD2019: Owner Occupation Affordability,013_Housing_IMD2019_LSOA21.csv,2,6,IMD2019.Housing.LSOA21,<em>Nothing yet!</em>,IMD2019: Owner Occupation Affordability LSOA21CD,IMD2019: Owner Occupation Affordability Index,IMD 2019: Owner Occ. Affordability Index,<blank>,<blank>,LSOA21CD,2021,1,High,Test
13,LSOA 2021,IMD2019 <strong>modelled</strong> metric attributed to 2021 LSOAs,Housing,IMD2019: Private Rental Affordability,013_Housing_IMD2019_LSOA21.csv,3,7,IMD2019.Housing.LSOA21,<em>Nothing yet!</em>,IMD2019: Private Rental Affordability LSOA21CD,IMD2019: Private Rental Affordability Index,IMD 2019: Rental Affordability Index,<blank>,<blank>,LSOA21CD,2021,1,High,Test
13,LSOA 2021,IMD2019 <strong>modelled</strong> metric attributed to 2021 LSOAs,Housing,IMD2019: Housing Affordability Indicator,013_Housing_IMD2019_LSOA21.csv,4,8,IMD2019.Housing.LSOA21,<em>Nothing yet!</em>,IMD2019: Housing Affordability Indicator LSOA21CD,IMD2019: Housing Affordability Indicator Index,IMD 2019: Housing Affordability Index,<blank>,<blank>,LSOA21CD,2021,1,High,Test
13,LSOA 2021,IMD2019 <strong>modelled</strong> metric attributed to 2021 LSOAs,Housing,IMD2019: Housing in poor condition,013_Housing_IMD2019_LSOA21.csv,5,9,IMD2019.Housing.LSOA21,"One of the two components of the 'Indoors sub-domain' of the  IMD2019 'Living Environment Deprivation Domain', the <b>Housing in poor condition</b> indicator measures the proportion of social and private homes that fail to meet
the Decent Homes standard.  The higher the value the greater the level of deprivation. [<a href=""https://www.gov.uk/government/publications/english-indices-of-deprivation-2019-research-report"" target=""_blank"">Report</a>] [<a href=""https://www.gov.uk/government/statistics/english-indices-of-deprivation-2019"" target=""_blank"">Source</a>]   [<a href = ""https://www.gov.uk/guidance/english-indices-of-deprivation-2019-mapping-resources"" target =""_blank"">ONS Interactive Map</a>]   Published using 2011 LSOAs, of which there were 32,844 in England. As we are here dealing with 2021 LSOAs it has been necessary to assign the 2011 LSOA scores to 2021 LSOAs (n=33,755) using a population-weighted algorithm (<a href=""GITHUB PLACEHOLDER"" target=""_blank"">Github RAP script (R)</a>).",IMD2019: Housing in poor condition LSOA21CD,IMD2019: Dwellings failing Decent Homes standard (%),IMD 2019: Housing in poor condition (%),<blank>,<blank>,LSOA21CD,2021,1,High,Test
